match_id,competition_season,match_date,player_1,player_2,player_3,player_4,player_5,player_6,player_7,player_8,player_9,player_10,player_11,player_12,player_13,player_14,player_15,player_16,player_17,player_18,player_19,player_20,player_21,player_22,player_1_position,player_2_position,player_3_position,player_4_position,player_5_position,player_6_position,player_7_position,player_8_position,player_9_position,player_10_position,player_11_position,player_12_position,player_13_position,player_14_position,player_15_position,player_16_position,player_17_position,player_18_position,player_19_position,player_20_position,player_21_position,player_22_position,player_1_goals,player_2_goals,player_3_goals,player_4_goals,player_5_goals,player_6_goals,player_7_goals,player_8_goals,player_9_goals,player_10_goals,player_11_goals,player_12_goals,player_13_goals,player_14_goals,player_15_goals,player_16_goals,player_17_goals,player_18_goals,player_19_goals,player_20_goals,player_21_goals,player_22_goals,player_1_assists,player_2_assists,player_3_assists,player_4_assists,player_5_assists,player_6_assists,player_7_assists,player_8_assists,player_9_assists,player_10_assists,player_11_assists,player_12_assists,player_13_assists,player_14_assists,player_15_assists,player_16_assists,player_17_assists,player_18_assists,player_19_assists,player_20_assists,player_21_assists,player_22_assists,player_1_keypass,player_2_keypass,player_3_keypass,player_4_keypass,player_5_keypass,player_6_keypass,player_7_keypass,player_8_keypass,player_9_keypass,player_10_keypass,player_11_keypass,player_12_keypass,player_13_keypass,player_14_keypass,player_15_keypass,player_16_keypass,player_17_keypass,player_18_keypass,player_19_keypass,player_20_keypass,player_21_keypass,player_22_keypass,player_1_obv,player_2_obv,player_3_obv,player_4_obv,player_5_obv,player_6_obv,player_7_obv,player_8_obv,player_9_obv,player_10_obv,player_11_obv,player_12_obv,player_13_obv,player_14_obv,player_15_obv,player_16_obv,player_17_obv,player_18_obv,player_19_obv,player_20_obv,player_21_obv,player_22_obv,player_1_diff_xT,player_2_diff_xT,player_3_diff_xT,player_4_diff_xT,player_5_diff_xT,player_6_diff_xT,player_7_diff_xT,player_8_diff_xT,player_9_diff_xT,player_10_diff_xT,player_11_diff_xT,player_12_diff_xT,player_13_diff_xT,player_14_diff_xT,player_15_diff_xT,player_16_diff_xT,player_17_diff_xT,player_18_diff_xT,player_19_diff_xT,player_20_diff_xT,player_21_diff_xT,player_22_diff_xT,match_outcome
3788754,UEFA Euro_2020,2021-06-16,Gianluigi Donnarumma,Giovanni Di Lorenzo,Leonardo Bonucci,Giorgio Chiellini,Leonardo Spinazzola,Jorge Luiz Frello Filho,Nicolò Barella,Manuel Locatelli,Domenico Berardi,Lorenzo Insigne,Ciro Immobile,Yann Sommer,Nico Elvedi,Fabian Lukas Schär,Manuel Obafemi Akanji,Kevin Mbabu,Ricardo Iván Rodríguez Araya,Remo Freuler,Granit Xhaka,Xherdan Shaqiri,Haris Seferović,Breel-Donald Embolo,Goalkeeper,Right Back,Right Center Back,Left Center Back,Left Back,Center Defensive Midfield,Right Center Midfield,Left Center Midfield,Right Wing,Left Wing,Center Forward,Goalkeeper,Right Center Back,Center Back,Left Center Back,Right Wing Back,Left Wing Back,Right Defensive Midfield,Left Defensive Midfield,Center Attacking Midfield,Right Center Forward,Left Center Forward,0.0,0.8,1.9,3.3000000000000003,2.3,0.0,0.0,0.0,0.0,1.0,1.0,1.0,1.5,1.0,2.5,1.4000000000000001,1.2999999999999998,2.1,1.7,0.0,0.0,1.0,0.0,0.0,0.0,0.0,0.0,0.0,0.0,0.0,0.0,0.0,1.0,0.0,0.0,0.0,0.0,0.0,0.0,0.0,0.0,1.0,0.0,0.0,27.0,30.0,59.0,84.0,70.0,80.0,61.0,53.0,47.0,64.0,22.0,30.0,68.0,79.0,77.0,46.0,50.0,62.0,68.0,26.0,25.0,21.0,19.064027786254883,10.592292785644531,16.900997161865234,7.44453239440918,12.638017654418945,18.744770050048828,9.824972152709961,6.813570022583008,9.202065467834473,15.805667877197266,7.390349388122559,18.637657165527344,4.644521713256836,4.006821632385254,7.616687774658203,2.543503999710083,7.884014129638672,5.881809234619141,7.140511512756348,5.509987831115723,4.7585954666137695,6.312808036804199,-0.06400000000000003,0.8160000000000003,1.449,0.49200000000000016,-0.5239999999999998,0.25300000000000034,-0.48999999999999977,-0.5449999999999999,-1.205,-1.4219999999999997,-1.8970000000000002,0.09600000000000002,0.4440000000000001,0.27899999999999997,0.30400000000000005,0.13400000000000006,0.6190000000000002,0.13900000000000018,0.5390000000000001,-0.011999999999999927,-0.855,-1.4689999999999999,1
3788743,UEFA Euro_2020,2021-06-12,Thibaut Courtois,Toby Alderweireld,Anga Dedryck Boyata,Jan Vertonghen,Timothy Castagne,Thorgan Hazard,Leander Dendoncker,Youri Tielemans,Dries Mertens,Yannick Ferreira Carrasco,Romelu Lukaku Menama,Anton Shunin,Mário Figueira Fernandes,Andrey Semenov,Georgiy Dzhikiya,Yuri Zhirkov,Dmitriy Barinov,Magomed Ozdoev,Roman Zobnin,Aleksandr Golovin,Daler Kuzyaev,Artem Dzyuba,Goalkeeper,Right Center Back,Center Back,Left Center Back,Right Wing Back,Left Wing Back,Right Defensive Midfield,Left Defensive Midfield,Right Attacking Midfield,Left Attacking Midfield,Center Forward,Goalkeeper,Right Back,Right Center Back,Left Center Back,Left Back,Right Defensive Midfield,Left Defensive Midfield,Right Wing,Center Attacking Midfield,Left Wing,Center Forward,0.0,0.0,0.0,0.0,0.0,0.0,0.0,0.0,0.0,0.0,0.0,0.0,0.0,0.0,0.0,0.0,0.0,0.0,0.0,0.0,0.0,0.0,0.0,0.0,0.0,0.0,0.0,0.0,0.0,0.0,0.0,0.0,0.0,0.0,0.0,0.0,0.0,0.0,0.0,0.0,0.0,0.0,0.0,0.0,0.0,0.0,0.0,0.0,0.0,0.0,0.0,0.0,0.0,0.0,0.0,0.0,0.0,0.0,0.0,0.0,0.0,0.0,0.0,0.0,0.0,0.0,0.0,0.0,0.0,0.0,0.0,0.0,0.0,0.0,0.0,0.0,0.0,0.0,0.0,0.0,0.0,0.0,0.0,0.0,0.0,0.0,0.0,0.0,0.0,0.0,0.0,0.0,0.0,0.0,0.0,0.0,0.0,0.0,0.0,0.0,0.0,0.0,0.0,0.0,0.0,0.0,0.0,0.0,0.0,0.0,1
3788773,UEFA Euro_2020,2021-06-23,Rui Pedro dos Santos Patrício,Nélson Cabral Semedo,Kléper Laveran Lima Ferreira,Rúben Santos Gato Alves Dias,Raphaël Adelino José Guerreiro,Danilo Luís Hélio Pereira,Bernardo Mota Veiga de Carvalho e Silva,João Filipe Iria Santos Moutinho,Renato Júnior Luz Sanches,Diogo José Teixeira da Silva,Cristiano Ronaldo dos Santos Aveiro,Hugo Lloris,Jules Koundé,Raphaël Varane,Presnel Kimpembe,Lucas Hernández Pi,Paul Pogba,N''Golo Kanté,Corentin Tolisso,Antoine Griezmann,Kylian Mbappé Lottin,Karim Benzema,Goalkeeper,Right Back,Right Center Back,Left Center Back,Left Back,Center Defensive Midfield,Right Midfield,Right Center Midfield,Left Center Midfield,Left Midfield,Center Forward,Goalkeeper,Right Back,Right Center Back,Left Center Back,Left Back,Right Defensive Midfield,Left Defensive Midfield,Right Wing,Center Attacking Midfield,Left Wing,Center Forward,1.0,1.55,2.6999999999999997,2.75,1.6500000000000001,0.0,0.0,0.0,0.0,0.5,1.5,0.5,0.0,2.7,1.3499999999999999,2.9,1.9,1.15,0.0,0.5,0.0,0.0,0.0,0.0,0.0,0.0,0.0,0.0,0.0,0.0,0.0,0.5,0.5,0.0,0.0,0.0,0.0,0.0,0.0,0.0,0.0,0.0,0.0,0.0,24.5,70.5,65.0,70.5,67.5,49.0,32.0,15.5,24.5,24.0,34.0,26.5,0.0,66.0,65.0,46.0,53.0,59.0,10.0,47.0,27.0,30.5,2.650259017944336,5.05809211730957,3.508739471435547,3.6947386264801025,4.128438949584961,3.0564334392547607,5.673491954803467,3.614201068878174,4.420379161834717,4.72450590133667,9.75718879699707,5.112303733825684,0.0,3.860666275024414,3.7960851192474365,0.6235571503639221,5.699981212615967,3.736506223678589,1.0797607898712158,4.425285339355469,4.919046401977539,4.118264198303223,-0.0725,-0.002499999999999919,0.4615,0.3440000000000001,0.023500000000000125,-0.017499999999999974,-0.12949999999999995,0.022500000000000048,0.10900000000000008,-0.486,-0.7290000000000001,0.07,0.0,0.36800000000000005,0.18800000000000003,0.06400000000000003,0.18900000000000014,-0.10949999999999992,0.024000000000000014,-0.17299999999999996,-0.7010000000000001,-0.6964999999999999,0
3788775,UEFA Euro_2020,2021-06-23,Martin Dúbravka,Peter Pekarík,Ľubomír Šatka,Milan Škriniar,Tomáš Hubočan,Juraj Kucka,Jakub Hromada,Lukáš Haraslín,Marek Hamšík,Róbert Mak,Ondrej Duda,Unai Simón Mendibil,César Azpilicueta Tanco,Eric García Martret,Aymeric Laporte,Jordi Alba Ramos,Sergio Busquets i Burgos,Jorge Resurrección Merodio,Pedro González López,Pablo Sarabia García,Gerard Moreno Balaguero,Álvaro Borja Morata Martín,Goalkeeper,Right Back,Right Center Back,Left Center Back,Left Back,Right Center Midfield,Left Center Midfield,Right Wing,Center Attacking Midfield,Left Wing,Center Forward,Goalkeeper,Right Back,Right Center Back,Left Center Back,Left Back,Center Defensive Midfield,Right Center Midfield,Left Center Midfield,Right Wing,Left Wing,Center Forward,1.0,0.95,1.85,3.1,2.45,0.0,0.0,0.0,0.0,0.0,0.0,0.5,0.0,0.0,1.45,2.85,0.0,0.0,0.0,0.0,0.0,0.5,0.0,0.0,0.0,0.0,0.0,0.0,0.0,0.0,0.5,0.0,0.0,0.0,0.0,0.0,0.0,0.0,0.0,0.0,0.0,0.0,0.0,0.0,40.0,54.5,73.5,66.0,50.0,39.0,26.0,12.5,52.5,24.5,39.0,24.0,0.0,0.0,84.0,119.0,0.0,89.0,95.0,17.5,23.5,28.0,3.6787221431732178,0.526475191116333,0.81949383020401,0.9559995532035828,0.7254512310028076,0.8988359570503235,0.5938754081726074,0.47735410928726196,0.5837079882621765,0.3405228555202484,0.5562756061553955,9.819439888000488,0.0,0.0,11.953731536865234,12.05146598815918,0.0,9.108354568481445,13.055274963378906,5.714459419250488,6.9027533531188965,6.41602087020874,0.08850000000000002,0.09300000000000003,0.12950000000000003,0.0665,0.17000000000000004,-0.07800000000000001,0.042000000000000016,-0.252,0.05150000000000004,-0.1,-0.1405,-0.10700000000000001,0.0,0.0,0.6295000000000002,-0.2839999999999997,0.0,-0.0444999999999999,-0.17349999999999977,-0.4395,-1.0710000000000002,-1.4355,-1
3788761,UEFA Euro_2020,2021-06-18,Robin Olsen,Mikael Lustig,Victor Nilsson Lindelöf,Marcus Andreas Danielsson,Ludwig Augustinsson,Sebastian Larsson,Kristoffer Olsson,Albin Ekdal,Emil Peter Forsberg,Marcus Berg,Alexander Isak,Martin Dúbravka,Peter Pekarík,Ľubomír Šatka,Milan Škriniar,Tomáš Hubočan,Juraj Kucka,Patrik Hrošovský,Martin Koscelník,Marek Hamšík,Róbert Mak,Ondrej Duda,Goalkeeper,Right Back,Right Center Back,Left Center Back,Left Back,Right Midfield,Right Center Midfield,Left Center Midfield,Left Midfield,Right Center Forward,Left Center Forward,Goalkeeper,Right Back,Right Center Back,Left Center Back,Left Back,Right Center Midfield,Left Center Midfield,Right Wing,Center Attacking Midfield,Left Wing,Center Forward,0.0,2.8,2.8,3.3000000000000003,1.3,0.0,0.0,0.0,0.0,0.0,0.0,1.0,1.2000000000000002,0.8,3.1,1.8,0.0,0.0,0.0,0.0,0.0,0.0,0.0,0.0,0.0,0.0,0.0,0.0,0.0,0.0,0.0,0.0,0.0,0.0,0.0,0.0,0.0,0.0,0.0,0.0,0.0,1.0,0.0,0.0,31.0,20.0,14.0,10.0,11.0,20.0,14.0,10.0,11.0,13.0,9.0,44.0,46.0,51.0,49.0,50.0,35.0,3.0,1.0,48.0,27.0,37.0,7.439130783081055,4.143232345581055,4.651592254638672,3.3613078594207764,2.610297679901123,3.7255144119262695,4.506798267364502,4.06743860244751,7.731390953063965,2.357868194580078,6.601357460021973,7.3574442863464355,1.052950382232666,1.63898766040802,1.9119991064071655,1.4509024620056152,1.797671914100647,0.14524033665657043,0.41995400190353394,1.167415976524353,0.6810457110404968,1.112551212310791,0.6070000000000001,0.20000000000000007,0.41000000000000003,0.21100000000000002,-0.133,-0.004999999999999893,0.07000000000000017,0.02900000000000008,-0.25099999999999995,-0.555,-0.8730000000000001,0.17700000000000005,0.18600000000000005,0.25900000000000006,0.133,0.3400000000000001,-0.15600000000000003,0.12600000000000003,-0.102,0.10300000000000008,-0.2,-0.281,1
3794689,UEFA Euro_2020,2021-06-26,Danny Ward,Connor Roberts,Chris Mepham,Joe Rodon,Ben Davies,Joseff Morrell,Joe Allen,Gareth Frank Bale,Aaron Ramsey,Daniel James,Kieffer Roberto Francisco Moore,Kasper Schmeichel,Andreas Christensen,Simon Thorup Kjær,Jannik Vestergaard,Jens Stryger Larsen,Joakim Mæhle,Pierre-Emile Højbjerg,Thomas Delaney,Martin Braithwaite Christensen,Mikkel Damsgaard,Kasper Dolberg,Goalkeeper,Right Back,Right Center Back,Left Center Back,Left Back,Right Defensive Midfield,Left Defensive Midfield,Right Wing,Center Attacking Midfield,Left Wing,Center Forward,Goalkeeper,Right Center Back,Center Back,Left Center Back,Right Wing Back,Left Wing Back,Right Defensive Midfield,Left Defensive Midfield,Right Attacking Midfield,Left Attacking Midfield,Center Forward,0.6666666666666666,1.4666666666666668,2.2,1.5666666666666667,2.75,1.5,1.3333333333333333,0.0,0.3333333333333333,0.0,0.3333333333333333,1.3333333333333333,2.6999999999999997,2.433333333333333,1.1666666666666667,0.7999999999999999,3.0333333333333337,2.5,1.5333333333333332,0.0,0.5,0.0,0.0,0.0,0.0,0.0,0.0,0.3333333333333333,0.0,0.6666666666666666,0.0,0.0,0.0,0.0,0.0,0.0,0.0,0.0,0.0,1.0,0.0,0.0,0.0,0.0,34.666666666666664,33.666666666666664,22.0,26.0,42.0,29.0,26.0,23.0,36.666666666666664,17.333333333333332,14.0,21.666666666666668,63.666666666666664,44.0,44.0,15.666666666666666,70.66666666666667,74.66666666666667,51.666666666666664,31.0,33.0,6.0,2.5243722597757974,1.0927461783091228,1.2041290998458862,1.180021603902181,2.051908016204834,1.3310826619466145,1.2577722072601318,2.5377341906229653,2.5940353075663247,1.3517324129740398,0.9147915840148926,3.3284912109375,2.4825612703959146,2.280690828959147,2.5942866007486978,1.8731414477030437,4.371503194173177,4.520912806193034,2.5297635396321616,3.286775588989258,3.743666648864746,3.311002254486084,0.18666666666666668,0.1476666666666667,0.139,0.049999999999999996,0.23500000000000001,0.049000000000000016,-0.0019999999999999554,-0.04400000000000002,-0.2866666666666667,-0.05566666666666662,-0.22833333333333336,0.20733333333333337,0.17833333333333337,0.07,0.06433333333333334,0.14266666666666672,-0.32933333333333326,0.2736666666666668,-0.029666666666666636,-0.5923333333333333,-0.12749999999999995,-0.615,-1
3788745,UEFA Euro_2020,2021-06-13,Jordan Pickford,Kyle Walker,John Stones,Tyrone Mings,Kieran Trippier,Kalvin Phillips,Declan Rice,Philip Foden,Mason Mount,Raheem Sterling,Harry Kane,Dominik Livaković,Šime Vrsaljko,Domagoj Vida,Duje Ćaleta-Car,Joško Gvardiol,Marcelo Brozović,Luka Modrić,Mateo Kovačić,Andrej Kramarić,Ivan Perišić,Ante Rebić,Goalkeeper,Right Back,Right Center Back,Left Center Back,Left Back,Right Defensive Midfield,Left Defensive Midfield,Right Wing,Center Attacking Midfield,Left Wing,Center Forward,Goalkeeper,Right Back,Right Center Back,Left Center Back,Left Back,Center Defensive Midfield,Right Center Midfield,Left Center Midfield,Right Wing,Left Wing,Center Forward,0.0,0.0,0.0,0.0,0.0,0.0,0.0,0.0,0.0,0.0,0.0,0.0,0.0,0.0,0.0,0.0,0.0,0.0,0.0,0.0,0.0,0.0,0.0,0.0,0.0,0.0,0.0,0.0,0.0,0.0,0.0,0.0,0.0,0.0,0.0,0.0,0.0,0.0,0.0,0.0,0.0,0.0,0.0,0.0,0.0,0.0,0.0,0.0,0.0,0.0,0.0,0.0,0.0,0.0,0.0,0.0,0.0,0.0,0.0,0.0,0.0,0.0,0.0,0.0,0.0,0.0,0.0,0.0,0.0,0.0,0.0,0.0,0.0,0.0,0.0,0.0,0.0,0.0,0.0,0.0,0.0,0.0,0.0,0.0,0.0,0.0,0.0,0.0,0.0,0.0,0.0,0.0,0.0,0.0,0.0,0.0,0.0,0.0,0.0,0.0,0.0,0.0,0.0,0.0,0.0,0.0,0.0,0.0,0.0,0.0,1
3794686,UEFA Euro_2020,2021-06-28,Dominik Livaković,Josip Juranović,Domagoj Vida,Duje Ćaleta-Car,Joško Gvardiol,Marcelo Brozović,Luka Modrić,Mateo Kovačić,Nikola Vlašić,Ante Rebić,Bruno Petković,Unai Simón Mendibil,César Azpilicueta Tanco,Eric García Martret,Aymeric Laporte,José Luis Gayà Peña,Sergio Busquets i Burgos,Jorge Resurrección Merodio,Pedro González López,Ferrán Torres García,Pablo Sarabia García,Álvaro Borja Morata Martín,Goalkeeper,Right Back,Right Center Back,Left Center Back,Left Back,Center Defensive Midfield,Right Center Midfield,Left Center Midfield,Right Wing,Left Wing,Center Forward,Goalkeeper,Right Back,Right Center Back,Left Center Back,Left Back,Center Defensive Midfield,Right Center Midfield,Left Center Midfield,Right Wing,Left Wing,Center Forward,1.0,2.4,1.3,1.1,1.8666666666666665,0.0,0.3333333333333333,0.0,0.3333333333333333,0.0,0.0,0.3333333333333333,1.4,0.8999999999999999,1.0333333333333334,0.0,0.0,0.0,0.0,0.3333333333333333,0.3333333333333333,0.3333333333333333,0.0,0.0,0.0,0.0,0.0,0.0,0.3333333333333333,0.3333333333333333,0.0,0.0,0.0,0.0,0.0,0.0,0.0,0.0,0.0,0.0,0.0,0.0,0.3333333333333333,0.0,30.0,72.0,43.0,50.0,50.666666666666664,49.333333333333336,79.66666666666667,63.333333333333336,14.0,8.333333333333334,13.666666666666666,23.0,75.0,73.0,87.0,0.0,51.0,84.33333333333333,80.33333333333333,18.333333333333332,31.333333333333332,23.666666666666668,3.1891606648763022,1.8527791500091553,1.0600789388020833,2.0683021545410156,2.2788925170898438,1.390711784362793,2.684305508931478,1.8231290181477864,1.3037675221761067,0.840017557144165,0.7506051063537598,6.546293258666992,10.327035903930664,5.976091384887695,7.969154357910156,0.0,13.782824516296387,6.07223637898763,8.703516642252604,2.4766419728597007,3.8096396128336587,4.277347246805827,0.01766666666666667,0.2010000000000001,0.06866666666666667,0.19400000000000003,0.15033333333333337,0.06333333333333337,0.13600000000000007,0.061333333333333406,-0.2796666666666667,-0.06933333333333332,-0.13899999999999998,-0.07133333333333335,-0.023999999999999827,0.3440000000000001,0.4196666666666668,0.0,-0.1209999999999999,-0.0296666666666666,-0.11566666666666651,-0.3063333333333333,-0.293,-0.957,-1
3788776,UEFA Euro_2020,2021-06-23,Robin Olsen,Mikael Lustig,Victor Nilsson Lindelöf,Marcus Andreas Danielsson,Ludwig Augustinsson,Kristoffer Olsson,Albin Ekdal,Sebastian Larsson,Emil Peter Forsberg,Robin Quaison,Alexander Isak,Wojciech Szczęsny,Bartosz Bereszyński,Kamil Glik,Jan Bednarek,Kamil Jóźwiak,Tymoteusz Puchacz,Grzegorz Krychowiak,Mateusz Andrzej Klich,Piotr Zieliński,Karol Świderski,Robert Lewandowski,Goalkeeper,Right Back,Right Center Back,Left Center Back,Left Back,Right Defensive Midfield,Left Defensive Midfield,Right Midfield,Left Midfield,Right Center Forward,Left Center Forward,Goalkeeper,Right Center Back,Center Back,Left Center Back,Right Wing Back,Left Wing Back,Right Defensive Midfield,Left Defensive Midfield,Center Attacking Midfield,Right Center Forward,Left Center Forward,0.0,2.8499999999999996,2.55,3.2500000000000004,1.25,0.5,1.4999999999999998,0.0,0.5,0.0,0.0,1.0,2.65,2.5500000000000003,1.9500000000000002,3.35,1.35,1.4,1.45,0.0,0.0,0.5,0.0,0.0,0.0,0.0,0.0,0.0,0.0,0.0,0.0,0.0,0.0,0.0,0.0,0.0,0.0,0.5,0.0,0.0,0.0,0.0,0.0,0.0,29.5,33.0,42.5,30.0,27.0,28.5,22.5,31.5,29.5,3.0,16.5,24.0,58.5,39.0,44.5,45.0,17.0,41.0,40.0,41.0,4.0,22.5,3.7195653915405273,2.0716161727905273,2.325796127319336,1.6806539297103882,1.3051488399505615,2.253399133682251,2.033719301223755,1.8627572059631348,3.8656954765319824,0.4465288817882538,3.3006787300109863,2.0496225357055664,2.62847638130188,1.7675330638885498,2.224743366241455,1.5679004192352295,0.9380953311920166,3.0787830352783203,1.8956050872802734,2.7751402854919434,0.8372902870178223,3.2766730785369873,0.30350000000000005,0.10000000000000003,0.20500000000000002,0.10550000000000001,-0.0665,0.03500000000000009,0.01450000000000004,-0.0024999999999999467,-0.12549999999999997,-0.05750000000000001,-0.43650000000000005,0.10900000000000001,0.3610000000000001,0.0755,0.09950000000000002,0.022500000000000075,0.08000000000000004,0.022000000000000033,-0.0064999999999999555,-0.0369999999999999,-0.15900000000000003,-0.7295000000000001,1
3788770,UEFA Euro_2020,2021-06-21,Stole Dimitrievski,Stefan Ristovski,Darko Velkovski,Visar Musliu,Ezgjan Alioski,Arijan Ademi,Enis Bardhi,Ivan Trichkovski,Eljif Elmas,Aleksandar Trajkovski,Goran Pandev,Maarten Stekelenburg,Stefan de Vrij,Matthijs de Ligt,Daley Blind,Denzel Dumfries,Patrick van Aanholt,Frenkie de Jong,Ryan Gravenberch,Georginio Wijnaldum,Memphis Depay,Donyell Malen,Goalkeeper,Right Back,Right Center Back,Left Center Back,Left Back,Right Defensive Midfield,Left Defensive Midfield,Right Wing,Center Attacking Midfield,Left Wing,Center Forward,Goalkeeper,Right Center Back,Center Back,Left Center Back,Right Wing Back,Left Wing Back,Right Defensive Midfield,Left Defensive Midfield,Center Attacking Midfield,Right Center Forward,Left Center Forward,2.5,2.4,2.35,1.85,2.6500000000000004,1.15,1.75,0.0,0.0,0.0,0.5,1.0,3.2,1.7,1.95,0.6000000000000001,0.5499999999999999,1.95,0.2,0.5,0.5,0.0,0.0,0.0,0.0,0.0,0.0,0.0,0.0,0.0,0.0,0.0,0.0,0.0,0.0,0.0,0.0,0.0,0.0,0.0,0.0,0.0,0.0,0.5,32.5,50.0,39.5,35.0,56.5,28.5,38.0,0.0,35.0,16.0,22.0,36.0,60.0,40.0,71.5,42.0,36.5,78.5,7.0,40.0,49.5,7.0,4.097194194793701,2.021028518676758,0.8876866102218628,0.5903327465057373,2.2524075508117676,1.2083995342254639,1.6219866275787354,0.5127661228179932,1.6345298290252686,1.1687673330307007,1.2752174139022827,3.1271281242370605,2.881852388381958,5.213683605194092,6.20954704284668,2.8047070503234863,4.4585371017456055,7.152220726013184,7.042966842651367,5.11518669128418,6.949863433837891,2.11159086227417,0.0645,0.10100000000000005,0.0695,-0.04400000000000001,0.31550000000000006,-0.03599999999999999,0.1980000000000001,0.03800000000000001,-0.20099999999999996,-0.15899999999999997,-0.18249999999999994,0.20700000000000002,0.1665,-0.22300000000000003,0.6245,-0.27749999999999997,-0.05099999999999994,0.005500000000000133,-0.29999999999999993,-0.46199999999999997,-0.5035000000000001,-0.1795,-1
3788762,UEFA Euro_2020,2021-06-19,Unai Simón Mendibil,Marcos Llorente Moreno,Aymeric Laporte,Pau Francisco Torres,Jordi Alba Ramos,Rodrigo Hernández Cascante,Jorge Resurrección Merodio,Pedro González López,Gerard Moreno Balaguero,Daniel Olmo Carvajal,Álvaro Borja Morata Martín,Wojciech Szczęsny,Bartosz Bereszyński,Kamil Glik,Jan Bednarek,Kamil Jóźwiak,Tymoteusz Puchacz,Piotr Zieliński,Mateusz Andrzej Klich,Jakub Moder,Karol Świderski,Robert Lewandowski,Goalkeeper,Right Back,Right Center Back,Left Center Back,Left Back,Center Defensive Midfield,Right Center Midfield,Left Center Midfield,Right Wing,Left Wing,Center Forward,Goalkeeper,Right Center Back,Center Back,Left Center Back,Right Wing Back,Left Wing Back,Center Defensive Midfield,Right Center Midfield,Left Center Midfield,Right Center Forward,Left Center Forward,0.0,4.800000000000001,2.1,2.2,3.0,0.0,0.0,0.0,0.0,0.0,0.0,1.0,2.5,2.0,2.1,2.9,0.3,0.0,0.0,0.0,0.0,0.0,0.0,0.0,0.0,0.0,0.0,0.0,0.0,0.0,0.0,0.0,0.0,0.0,0.0,0.0,0.0,0.0,0.0,0.0,0.0,0.0,0.0,0.0,23.0,105.0,113.0,117.0,131.0,49.0,119.0,107.0,6.0,41.0,23.0,16.0,85.0,65.0,78.0,60.0,14.0,52.0,59.0,5.0,2.0,25.0,19.638879776000977,17.781736373901367,23.90746307373047,19.598102569580078,24.10293197631836,9.720113754272461,18.21670913696289,26.110549926757812,13.805506706237793,14.849141120910645,12.83204174041748,4.099245071411133,5.25695276260376,3.5350661277770996,4.44948673248291,3.135800838470459,1.8761906623840332,5.550280570983887,3.791210174560547,0.8035830855369568,1.6745805740356445,6.553346157073975,-0.21400000000000002,-1.2469999999999997,1.2590000000000003,0.39400000000000024,-0.5679999999999994,-0.568,-0.0889999999999998,-0.34699999999999953,-2.1420000000000003,-1.3319999999999999,-2.871,0.21800000000000003,0.7220000000000002,0.151,0.19900000000000004,0.04500000000000015,0.1600000000000001,-0.0739999999999998,-0.012999999999999911,0.16700000000000004,-0.31800000000000006,-1.4590000000000003,0
3795506,UEFA Euro_2020,2021-07-11,Gianluigi Donnarumma,Giovanni Di Lorenzo,Leonardo Bonucci,Giorgio Chiellini,Emerson Palmieri dos Santos,Jorge Luiz Frello Filho,Nicolò Barella,Marco Verratti,Federico Chiesa,Lorenzo Insigne,Ciro Immobile,Jordan Pickford,Kyle Walker,John Stones,Harry Maguire,Kieran Trippier,Luke Shaw,Kalvin Phillips,Declan Rice,Raheem Sterling,Mason Mount,Harry Kane,Goalkeeper,Right Back,Right Center Back,Left Center Back,Left Back,Center Defensive Midfield,Right Center Midfield,Left Center Midfield,Right Wing,Left Wing,Center Forward,Goalkeeper,Right Center Back,Center Back,Left Center Back,Right Wing Back,Left Wing Back,Right Defensive Midfield,Left Defensive Midfield,Right Attacking Midfield,Left Attacking Midfield,Center Forward,0.8333333333333334,2.6799999999999997,1.6333333333333335,2.2,0.7333333333333334,0.16666666666666666,0.2,0.0,0.3333333333333333,0.4,0.4,0.16666666666666666,1.8399999999999999,1.8333333333333333,2.175,0.65,1.7,2.2499999999999996,1.4833333333333332,0.5,0.0,0.6666666666666666,0.0,0.0,0.0,0.0,0.0,0.0,0.4,0.5,0.0,0.0,0.2,0.0,0.0,0.0,0.0,0.0,0.6,0.16666666666666666,0.0,0.16666666666666666,0.25,0.0,34.833333333333336,51.8,57.666666666666664,48.5,27.666666666666668,69.66666666666667,41.0,76.25,14.833333333333334,55.4,21.8,35.333333333333336,70.8,69.5,75.75,42.25,66.2,49.833333333333336,47.833333333333336,31.0,40.5,23.333333333333332,3.177337964375814,2.118458557128906,2.8168328603108725,1.861133098602295,1.2834579149882,3.1241283416748047,1.9649944305419922,3.5882298946380615,1.0737761656443279,3.161133575439453,1.4780698776245118,2.3166728019714355,3.183750534057617,2.4869942665100098,3.3108901977539062,1.2608414888381958,2.1903141021728514,1.9806892077128093,1.7698211669921875,2.0653812090555825,2.0528030395507812,1.877139409383138,-0.010666666666666672,0.16320000000000007,0.24150000000000002,0.12300000000000004,-0.1353333333333333,0.04216666666666672,-0.09799999999999995,-0.1747499999999999,-0.2181666666666667,-0.28439999999999993,-0.37940000000000007,0.14833333333333334,0.18200000000000002,0.02650000000000001,0.15775000000000003,0.20075,0.09600000000000006,-0.033999999999999954,0.029500000000000037,-0.3451666666666667,-0.19149999999999995,-0.27849999999999997,0
3788767,UEFA Euro_2020,2021-06-21,Heorhii Bushchan,Oleksandr Karavaev,Illia Zabarnyi,Mykola Matviyenko,Vitalii Mykolenko,Serhii Sydorchuk,Mykola Shaparenko,Oleksandr Zinchenko,Andriy Yarmolenko,Ruslan Malinovskiy,Roman Yaremchuk,Daniel Bachmann,Stefan Lainer,Aleksandar Dragović,Martin Hinteregger,David Olatukunbo Alaba,Xaver Schlager,Florian Grillitsch,Konrad Laimer,Marcel Sabitzer,Christoph Baumgartner,Marko Arnautović,Goalkeeper,Right Back,Right Center Back,Left Center Back,Left Back,Center Defensive Midfield,Right Center Midfield,Left Center Midfield,Right Wing,Left Wing,Center Forward,Goalkeeper,Right Back,Right Center Back,Left Center Back,Left Back,Right Center Midfield,Left Center Midfield,Right Wing,Center Attacking Midfield,Left Wing,Center Forward,2.0,1.3,1.75,1.9500000000000002,2.25,0.0,0.0,0.0,1.0,0.0,1.0,1.5,3.0,2.0500000000000003,1.8,2.8999999999999995,0.0,0.0,0.0,0.0,0.0,1.0,0.0,0.5,0.0,0.0,0.0,0.0,0.0,0.0,0.5,0.5,0.5,0.0,0.0,0.0,0.0,0.5,0.0,0.0,0.0,0.5,0.0,0.0,27.5,51.5,42.0,44.5,48.0,20.5,40.5,50.0,33.0,38.5,26.5,34.0,57.5,50.5,69.0,89.0,45.5,19.0,27.0,62.5,24.0,17.0,4.965902328491211,4.039064884185791,4.008235454559326,4.8940205574035645,2.5308163166046143,3.0072836875915527,3.527994394302368,5.964347839355469,3.781200408935547,4.498307704925537,2.6696338653564453,3.7331385612487793,2.566434383392334,2.159592628479004,2.5226998329162598,4.133199691772461,2.2515366077423096,2.690518856048584,1.6613304615020752,4.080985069274902,1.5880045890808105,3.8998100757598877,0.09700000000000002,-0.2444999999999999,0.25350000000000006,0.49000000000000005,-0.05449999999999994,-0.06399999999999996,0.05950000000000011,-0.22699999999999987,-0.5980000000000001,0.023000000000000017,-0.6065,0.020000000000000014,0.048000000000000036,0.3155,0.384,0.24950000000000006,0.10850000000000004,0.3650000000000001,0.05250000000000003,-0.16999999999999993,-0.4455,-0.7130000000000001,-1
3788751,UEFA Euro_2020,2021-06-15,Hugo Lloris,Benjamin Pavard,Raphaël Varane,Presnel Kimpembe,Lucas Hernández Pi,N''Golo Kanté,Paul Pogba,Adrien Rabiot,Antoine Griezmann,Kylian Mbappé Lottin,Karim Benzema,Manuel Neuer,Matthias Ginter,Mats Hummels,Antonio Rüdiger,Joshua Kimmich,Robin Gosens,İlkay Gündoğan,Toni Kroos,Kai Havertz,Thomas Müller,Serge Gnabry,Goalkeeper,Right Back,Right Center Back,Left Center Back,Left Back,Center Defensive Midfield,Right Center Midfield,Left Center Midfield,Right Wing,Left Wing,Center Forward,Goalkeeper,Right Center Back,Center Back,Left Center Back,Right Wing Back,Left Wing Back,Right Defensive Midfield,Left Defensive Midfield,Right Attacking Midfield,Left Attacking Midfield,Center Forward,0.0,0.0,0.0,0.0,0.0,0.0,0.0,0.0,0.0,0.0,0.0,0.0,0.0,0.0,0.0,0.0,0.0,0.0,0.0,0.0,0.0,0.0,0.0,0.0,0.0,0.0,0.0,0.0,0.0,0.0,0.0,0.0,0.0,0.0,0.0,0.0,0.0,0.0,0.0,0.0,0.0,0.0,0.0,0.0,0.0,0.0,0.0,0.0,0.0,0.0,0.0,0.0,0.0,0.0,0.0,0.0,0.0,0.0,0.0,0.0,0.0,0.0,0.0,0.0,0.0,0.0,0.0,0.0,0.0,0.0,0.0,0.0,0.0,0.0,0.0,0.0,0.0,0.0,0.0,0.0,0.0,0.0,0.0,0.0,0.0,0.0,0.0,0.0,0.0,0.0,0.0,0.0,0.0,0.0,0.0,0.0,0.0,0.0,0.0,0.0,0.0,0.0,0.0,0.0,0.0,0.0,0.0,0.0,0.0,0.0,1
3788768,UEFA Euro_2020,2021-06-21,Lukáš Hrádecký,Joona Toivio,Paulus Arajuuri,Daniel O''Shaughnessy,Jukka Raitala,Jere Juhani Uronen,Tim Sparv,Robin Lod,Glen Kamara,Teemu Pukki,Joel Pohjanpalo,Thibaut Courtois,Jason Denayer,Anga Dedryck Boyata,Thomas Vermaelen,Leandro Trossard,Nacer Chadli,Kevin De Bruyne,Axel Witsel,Jeremy Doku,Eden Hazard,Romelu Lukaku Menama,Goalkeeper,Right Center Back,Center Back,Left Center Back,Right Wing Back,Left Wing Back,Center Defensive Midfield,Right Center Midfield,Left Center Midfield,Right Center Forward,Left Center Forward,Goalkeeper,Right Center Back,Center Back,Left Center Back,Right Wing Back,Left Wing Back,Right Defensive Midfield,Left Defensive Midfield,Right Attacking Midfield,Left Attacking Midfield,Center Forward,0.5,2.4,2.5999999999999996,3.2,1.2000000000000002,2.5,0.0,0.0,0.0,0.0,0.5,0.5,0.8,1.1,0.25,0.0,0.0,0.8999999999999999,0.0,0.0,0.0,1.0,0.0,0.0,0.0,0.0,0.0,0.5,0.0,0.0,0.0,0.0,0.0,0.0,0.0,0.0,0.0,0.0,0.0,1.0,0.0,0.0,0.5,0.0,40.0,33.0,20.0,45.0,30.0,33.5,28.0,34.0,52.0,10.5,18.5,40.5,73.0,93.0,10.5,0.0,0.0,28.0,26.0,0.0,18.5,18.0,2.60710072517395,0.8443413972854614,0.6938494443893433,0.9157537221908569,0.7319226264953613,1.0541777610778809,1.2671117782592773,1.359008550643921,1.3355549573898315,1.054565191268921,0.9499282836914062,3.1395342350006104,3.7881288528442383,5.467823505401611,2.1929121017456055,0.0,0.0,8.40949535369873,4.889820098876953,0.0,2.7769036293029785,4.088507175445557,0.137,0.15750000000000003,0.01299999999999999,0.399,0.04750000000000004,0.055500000000000035,0.03300000000000001,-0.006499999999999947,-0.05449999999999993,-0.2845,-0.2455,0.004499999999999994,0.10600000000000007,0.16900000000000004,0.09550000000000004,0.0,0.0,0.03400000000000011,-0.3399999999999999,0.0,-0.3839999999999999,-0.6305000000000001,-1
3788747,UEFA Euro_2020,2021-06-13,Daniel Bachmann,Aleksandar Dragović,David Olatukunbo Alaba,Martin Hinteregger,Stefan Lainer,Andreas Ulmer,Xaver Schlager,Konrad Laimer,Marcel Sabitzer,Sasa Kalajdzic,Christoph Baumgartner,Stole Dimitrievski,Stefan Ristovski,Darko Velkovski,Visar Musliu,Boban Nikolov,Ezgjan Alioski,Arijan Ademi,Enis Bardhi,Eljif Elmas,Goran Pandev,Aleksandar Trajkovski,Goalkeeper,Right Center Back,Center Back,Left Center Back,Right Wing Back,Left Wing Back,Center Defensive Midfield,Right Center Midfield,Left Center Midfield,Right Center Forward,Left Center Forward,Goalkeeper,Right Center Back,Center Back,Left Center Back,Right Wing Back,Left Wing Back,Center Defensive Midfield,Right Center Midfield,Left Center Midfield,Right Center Forward,Left Center Forward,0.0,0.0,0.0,0.0,0.0,0.0,0.0,0.0,0.0,0.0,0.0,0.0,0.0,0.0,0.0,0.0,0.0,0.0,0.0,0.0,0.0,0.0,0.0,0.0,0.0,0.0,0.0,0.0,0.0,0.0,0.0,0.0,0.0,0.0,0.0,0.0,0.0,0.0,0.0,0.0,0.0,0.0,0.0,0.0,0.0,0.0,0.0,0.0,0.0,0.0,0.0,0.0,0.0,0.0,0.0,0.0,0.0,0.0,0.0,0.0,0.0,0.0,0.0,0.0,0.0,0.0,0.0,0.0,0.0,0.0,0.0,0.0,0.0,0.0,0.0,0.0,0.0,0.0,0.0,0.0,0.0,0.0,0.0,0.0,0.0,0.0,0.0,0.0,0.0,0.0,0.0,0.0,0.0,0.0,0.0,0.0,0.0,0.0,0.0,0.0,0.0,0.0,0.0,0.0,0.0,0.0,0.0,0.0,0.0,0.0,1
3795108,UEFA Euro_2020,2021-07-02,Yann Sommer,Silvan Widmer,Nico Elvedi,Manuel Obafemi Akanji,Ricardo Iván Rodríguez Araya,Denis Lemi Zakaria Lako Lado,Remo Freuler,Breel-Donald Embolo,Xherdan Shaqiri,Steven Zuber,Haris Seferović,Unai Simón Mendibil,César Azpilicueta Tanco,Aymeric Laporte,Pau Francisco Torres,Jordi Alba Ramos,Sergio Busquets i Burgos,Jorge Resurrección Merodio,Pedro González López,Ferrán Torres García,Pablo Sarabia García,Álvaro Borja Morata Martín,Goalkeeper,Right Back,Right Center Back,Left Center Back,Left Back,Right Center Midfield,Left Center Midfield,Right Wing,Center Attacking Midfield,Left Wing,Center Forward,Goalkeeper,Right Back,Right Center Back,Left Center Back,Left Back,Center Defensive Midfield,Right Center Midfield,Left Center Midfield,Right Wing,Left Wing,Center Forward,3.0,0.8333333333333334,1.875,2.425,1.5,0.0,0.0,0.25,0.5,0.0,0.75,0.75,2.5,1.5000000000000002,1.35,2.0749999999999997,0.0,0.0,0.0,0.5,0.5,0.5,0.0,0.0,0.0,0.0,0.0,0.0,0.0,0.0,0.25,1.3333333333333333,0.0,0.0,0.0,0.0,0.25,0.25,0.0,0.0,0.0,0.25,0.25,0.0,30.0,38.0,51.5,61.25,59.0,10.0,55.75,27.0,31.5,33.666666666666664,20.5,30.75,77.5,98.5,66.5,88.5,73.0,80.5,77.5,21.75,33.5,26.0,4.659414291381836,1.0856306552886963,1.161130428314209,1.9041719436645508,1.971003532409668,0.6981124877929688,1.4704523086547852,1.5782020092010498,1.3774969577789307,1.432730992635091,1.1896488666534424,4.909719944000244,5.163517951965332,5.976865768432617,4.8995256423950195,6.02573299407959,6.891412258148193,4.554177284240723,6.527637481689453,1.8574814796447754,2.857229709625244,3.20801043510437,0.024000000000000004,-0.004666666666666652,0.11100000000000003,0.07600000000000001,0.15475000000000005,-0.02000000000000001,0.034750000000000045,-0.36724999999999997,-0.002999999999999982,-0.244,-0.21375,-0.053500000000000006,-0.011999999999999914,0.3147500000000001,0.09850000000000006,-0.14199999999999985,-0.06049999999999995,-0.02224999999999995,-0.08674999999999988,-0.22974999999999998,-0.21975,-0.71775,0
3788752,UEFA Euro_2020,2021-06-15,Péter Gulácsi,Endre Botka,Willi Orban,Attila Szalai,Gergő Lovrencsics,Attila Fiola,Ádám Nagy,László Kleinheisler,András Schäfer,Roland Sallai,Ádám Szalai,Rui Pedro dos Santos Patrício,Nélson Cabral Semedo,Kléper Laveran Lima Ferreira,Rúben Santos Gato Alves Dias,Raphaël Adelino José Guerreiro,Danilo Luís Hélio Pereira,William Silva de Carvalho,Bernardo Mota Veiga de Carvalho e Silva,Bruno Miguel Borges Fernandes,Diogo José Teixeira da Silva,Cristiano Ronaldo dos Santos Aveiro,Goalkeeper,Right Center Back,Center Back,Left Center Back,Right Wing Back,Left Wing Back,Center Defensive Midfield,Right Center Midfield,Left Center Midfield,Right Center Forward,Left Center Forward,Goalkeeper,Right Back,Right Center Back,Left Center Back,Left Back,Right Center Midfield,Left Center Midfield,Right Wing,Center Attacking Midfield,Left Wing,Center Forward,0.0,0.0,0.0,0.0,0.0,0.0,0.0,0.0,0.0,0.0,0.0,0.0,0.0,0.0,0.0,0.0,0.0,0.0,0.0,0.0,0.0,0.0,0.0,0.0,0.0,0.0,0.0,0.0,0.0,0.0,0.0,0.0,0.0,0.0,0.0,0.0,0.0,0.0,0.0,0.0,0.0,0.0,0.0,0.0,0.0,0.0,0.0,0.0,0.0,0.0,0.0,0.0,0.0,0.0,0.0,0.0,0.0,0.0,0.0,0.0,0.0,0.0,0.0,0.0,0.0,0.0,0.0,0.0,0.0,0.0,0.0,0.0,0.0,0.0,0.0,0.0,0.0,0.0,0.0,0.0,0.0,0.0,0.0,0.0,0.0,0.0,0.0,0.0,0.0,0.0,0.0,0.0,0.0,0.0,0.0,0.0,0.0,0.0,0.0,0.0,0.0,0.0,0.0,0.0,0.0,0.0,0.0,0.0,0.0,0.0,-1
3788753,UEFA Euro_2020,2021-06-16,Lukáš Hrádecký,Joona Toivio,Paulus Arajuuri,Daniel O''Shaughnessy,Jukka Raitala,Jere Juhani Uronen,Rasmus Schüller,Robin Lod,Glen Kamara,Teemu Pukki,Joel Pohjanpalo,Matvey Safonov,Dmitriy Barinov,Igor Diveev,Georgiy Dzhikiya,Mário Figueira Fernandes,Daler Kuzyaev,Magomed Ozdoev,Roman Zobnin,Aleksey Miranchuk,Aleksandr Golovin,Artem Dzyuba,Goalkeeper,Right Center Back,Center Back,Left Center Back,Right Wing Back,Left Wing Back,Center Defensive Midfield,Right Center Midfield,Left Center Midfield,Right Center Forward,Left Center Forward,Goalkeeper,Right Center Back,Center Back,Left Center Back,Right Wing Back,Left Wing Back,Right Defensive Midfield,Left Defensive Midfield,Right Attacking Midfield,Left Attacking Midfield,Center Forward,0.0,2.3000000000000003,2.5,2.6,2.2,2.2,0.0,0.0,0.0,0.0,1.0,0.0,0.5,0.3,1.8000000000000003,2.5999999999999996,0.3,1.5999999999999999,0.7,0.0,0.0,0.0,0.0,0.0,0.0,0.0,0.0,1.0,0.0,0.0,0.0,0.0,0.0,0.0,0.0,0.0,0.0,0.0,0.0,0.0,0.0,0.0,0.0,0.0,39.0,23.0,20.0,39.0,26.0,28.0,5.0,23.0,43.0,10.0,16.0,0.0,19.0,35.0,45.0,44.0,8.0,35.0,20.0,5.0,35.0,27.0,5.2142014503479,1.6886827945709229,1.3876988887786865,1.8315074443817139,1.4638452529907227,2.1083555221557617,0.6127490997314453,2.718017101287842,2.671109914779663,2.109130382537842,1.8998565673828125,0.0,2.6201562881469727,2.2589111328125,3.1878318786621094,1.1201179027557373,3.5676708221435547,2.8816328048706055,3.309209108352661,2.6700878143310547,4.256894111633301,3.0266995429992676,0.274,0.31500000000000006,0.02599999999999998,0.798,0.09500000000000008,0.11100000000000007,0.03600000000000003,-0.012999999999999894,-0.10899999999999986,-0.569,-0.491,0.0,0.399,0.5930000000000001,0.6980000000000002,0.12899999999999998,-0.262,-0.08199999999999996,0.03400000000000011,-0.39899999999999997,-0.16899999999999976,-1.322,-1
3795107,UEFA Euro_2020,2021-07-02,Thibaut Courtois,Toby Alderweireld,Thomas Vermaelen,Jan Vertonghen,Thomas Meunier,Thorgan Hazard,Youri Tielemans,Axel Witsel,Kevin De Bruyne,Jeremy Doku,Romelu Lukaku Menama,Gianluigi Donnarumma,Giovanni Di Lorenzo,Leonardo Bonucci,Giorgio Chiellini,Leonardo Spinazzola,Jorge Luiz Frello Filho,Nicolò Barella,Marco Verratti,Federico Chiesa,Lorenzo Insigne,Ciro Immobile,Goalkeeper,Right Center Back,Center Back,Left Center Back,Right Wing Back,Left Wing Back,Right Defensive Midfield,Left Defensive Midfield,Right Attacking Midfield,Left Attacking Midfield,Center Forward,Goalkeeper,Right Back,Right Center Back,Left Center Back,Left Back,Center Defensive Midfield,Right Center Midfield,Left Center Midfield,Right Wing,Left Wing,Center Forward,0.25,1.9000000000000001,1.1,2.1666666666666665,1.8000000000000003,1.4000000000000001,1.2333333333333334,1.7,0.3333333333333333,0.0,0.75,0.25,2.9333333333333336,1.425,1.9999999999999998,2.3666666666666667,0.0,0.0,0.0,0.25,0.3333333333333333,0.6666666666666666,0.0,0.0,0.0,0.0,0.5,0.0,0.0,0.0,0.6666666666666666,0.0,0.0,0.0,0.0,0.0,0.0,0.3333333333333333,0.0,0.3333333333333333,0.5,0.0,0.0,0.3333333333333333,34.25,78.33333333333333,32.5,80.66666666666667,45.25,69.66666666666667,64.0,55.0,48.333333333333336,39.0,16.0,33.75,56.0,58.0,49.5,54.333333333333336,77.75,48.0,93.0,12.5,59.666666666666664,26.0,1.5697671175003052,2.9769392013549805,1.0964560508728027,2.4565281867980957,1.7048922777175903,2.6478397051493325,2.38399600982666,1.6299400329589844,2.8031651178995767,3.3847289085388184,2.0442535877227783,4.766006946563721,3.5307642618815103,4.225249290466309,3.72226619720459,4.2126725514729815,4.686192512512207,3.274990717569987,7.176459789276123,1.6106642484664917,5.268555959065755,2.463449796040853,0.002249999999999997,0.30000000000000004,0.04775000000000002,0.24200000000000008,0.06800000000000003,-0.20033333333333334,0.05066666666666673,-0.1133333333333333,0.01133333333333337,-0.4099999999999999,-0.31525000000000003,-0.016000000000000007,0.2720000000000001,0.36225,0.24600000000000008,-0.1746666666666666,0.06325000000000008,-0.16333333333333325,-0.3494999999999998,-0.32725000000000004,-0.4739999999999999,-0.6323333333333334,-1
3788764,UEFA Euro_2020,2021-06-19,Rui Pedro dos Santos Patrício,Nélson Cabral Semedo,Kléper Laveran Lima Ferreira,Rúben Santos Gato Alves Dias,Raphaël Adelino José Guerreiro,Danilo Luís Hélio Pereira,Bernardo Mota Veiga de Carvalho e Silva,Bruno Miguel Borges Fernandes,William Silva de Carvalho,Diogo José Teixeira da Silva,Cristiano Ronaldo dos Santos Aveiro,Manuel Neuer,Matthias Ginter,Mats Hummels,Antonio Rüdiger,Joshua Kimmich,Robin Gosens,İlkay Gündoğan,Toni Kroos,Thomas Müller,Kai Havertz,Serge Gnabry,Goalkeeper,Right Back,Right Center Back,Left Center Back,Left Back,Center Defensive Midfield,Right Midfield,Right Center Midfield,Left Center Midfield,Left Midfield,Center Forward,Goalkeeper,Right Center Back,Center Back,Left Center Back,Right Wing Back,Left Wing Back,Right Defensive Midfield,Left Defensive Midfield,Right Attacking Midfield,Left Attacking Midfield,Center Forward,0.0,2.3000000000000003,3.1,2.6000000000000005,1.2000000000000002,0.0,0.0,0.0,0.0,0.0,2.0,0.0,1.3,2.9999999999999996,1.9,2.3000000000000003,2.7,1.8,1.9,0.0,0.0,0.0,0.0,0.0,0.0,0.0,0.0,0.0,0.0,0.0,0.0,0.0,0.0,0.0,0.0,0.0,0.0,0.0,0.0,0.0,0.0,0.0,0.0,0.0,24.0,92.0,85.0,92.0,78.0,67.0,45.0,39.0,66.0,33.0,40.0,32.0,55.0,77.0,85.0,82.0,68.0,78.0,111.0,49.0,38.0,25.0,5.300518035888672,10.11618423461914,7.017478942871094,7.389477252960205,8.256877899169922,6.1128668785095215,11.346983909606934,8.516881942749023,7.349320411682129,9.44901180267334,19.51437759399414,8.725200653076172,14.13735294342041,10.770907402038574,9.940380096435547,13.912456512451172,6.433803081512451,9.44754409790039,14.676162719726562,9.605812072753906,11.493810653686523,5.6157755851745605,-0.145,-0.004999999999999838,0.923,0.6880000000000002,0.04700000000000025,-0.03499999999999995,-0.2589999999999999,-0.04099999999999991,0.07300000000000004,-0.972,-1.4580000000000002,0.09599999999999999,0.5480000000000003,0.32400000000000007,0.6460000000000001,-0.6749999999999999,-1.14,-0.3559999999999999,1.0090000000000003,-0.5839999999999999,-1.2389999999999999,-1.053,-1
3788763,UEFA Euro_2020,2021-06-19,Péter Gulácsi,Endre Botka,Willi Orban,Attila Szalai,Loïc Négo,Attila Fiola,Ádám Nagy,László Kleinheisler,András Schäfer,Roland Sallai,Ádám Szalai,Hugo Lloris,Benjamin Pavard,Raphaël Varane,Presnel Kimpembe,Lucas Digne,N''Golo Kanté,Paul Pogba,Adrien Rabiot,Antoine Griezmann,Kylian Mbappé Lottin,Karim Benzema,Goalkeeper,Right Center Back,Center Back,Left Center Back,Right Wing Back,Left Wing Back,Center Defensive Midfield,Right Center Midfield,Left Center Midfield,Right Center Forward,Left Center Forward,Goalkeeper,Right Back,Right Center Back,Left Center Back,Left Back,Center Defensive Midfield,Right Center Midfield,Left Center Midfield,Right Wing,Left Wing,Center Forward,3.0,1.1,2.4000000000000004,1.8000000000000003,0.0,2.4,0.0,0.0,0.0,0.0,0.0,0.0,1.6,2.9,1.0,0.0,0.0,0.0,0.0,0.0,0.0,0.0,0.0,0.0,0.0,0.0,0.0,0.0,0.0,0.0,0.0,0.0,0.0,0.0,0.0,0.0,0.0,0.0,0.0,0.0,0.0,0.0,0.0,0.0,30.0,26.0,27.0,54.0,12.0,33.0,24.0,16.0,18.0,14.0,17.0,35.0,53.0,41.0,44.0,0.0,51.0,56.0,42.0,35.0,27.0,33.0,6.121082782745361,1.1045011281967163,2.2320165634155273,1.995801329612732,1.332672119140625,2.0890707969665527,2.1553869247436523,1.6772100925445557,1.549422264099121,1.768955111503601,1.7308169603347778,10.224607467651367,4.610115051269531,7.721332550048828,7.592170238494873,0.0,7.473012447357178,11.399962425231934,5.614871025085449,8.850570678710938,9.838092803955078,8.236528396606445,-0.11299999999999999,0.433,0.124,0.42900000000000005,0.3030000000000001,0.09900000000000003,0.19700000000000006,0.04900000000000006,-0.12599999999999995,0.2380000000000001,0.086,0.14,0.11800000000000013,0.7360000000000001,0.37600000000000006,0.0,-0.21899999999999983,0.3780000000000003,-0.10999999999999982,-0.3459999999999999,-1.4020000000000001,-1.3929999999999998,0
3788746,UEFA Euro_2020,2021-06-13,Maarten Stekelenburg,Jurriën David Norman Timber,Stefan de Vrij,Daley Blind,Denzel Dumfries,Patrick van Aanholt,Marten de Roon,Frenkie de Jong,Georginio Wijnaldum,Wout Weghorst,Memphis Depay,Heorhii Bushchan,Oleksandr Karavaev,Illia Zabarnyi,Mykola Matviyenko,Vitalii Mykolenko,Serhii Sydorchuk,Ruslan Malinovskiy,Oleksandr Zinchenko,Andriy Yarmolenko,Oleksandr Zubkov,Roman Yaremchuk,Goalkeeper,Right Center Back,Center Back,Left Center Back,Right Wing Back,Left Wing Back,Right Defensive Midfield,Left Defensive Midfield,Center Attacking Midfield,Right Center Forward,Left Center Forward,Goalkeeper,Right Back,Right Center Back,Left Center Back,Left Back,Center Defensive Midfield,Right Center Midfield,Left Center Midfield,Right Wing,Left Wing,Center Forward,0.0,0.0,0.0,0.0,0.0,0.0,0.0,0.0,0.0,0.0,0.0,0.0,0.0,0.0,0.0,0.0,0.0,0.0,0.0,0.0,0.0,0.0,0.0,0.0,0.0,0.0,0.0,0.0,0.0,0.0,0.0,0.0,0.0,0.0,0.0,0.0,0.0,0.0,0.0,0.0,0.0,0.0,0.0,0.0,0.0,0.0,0.0,0.0,0.0,0.0,0.0,0.0,0.0,0.0,0.0,0.0,0.0,0.0,0.0,0.0,0.0,0.0,0.0,0.0,0.0,0.0,0.0,0.0,0.0,0.0,0.0,0.0,0.0,0.0,0.0,0.0,0.0,0.0,0.0,0.0,0.0,0.0,0.0,0.0,0.0,0.0,0.0,0.0,0.0,0.0,0.0,0.0,0.0,0.0,0.0,0.0,0.0,0.0,0.0,0.0,0.0,0.0,0.0,0.0,0.0,0.0,0.0,0.0,0.0,0.0,1
3788769,UEFA Euro_2020,2021-06-21,Matvey Safonov,Georgiy Dzhikiya,Igor Diveev,Fedor Kudryashov,Mário Figueira Fernandes,Daler Kuzyaev,Magomed Ozdoev,Roman Zobnin,Aleksey Miranchuk,Aleksandr Golovin,Artem Dzyuba,Kasper Schmeichel,Andreas Christensen,Simon Thorup Kjær,Jannik Vestergaard,Daniel Wass,Joakim Mæhle,Pierre-Emile Højbjerg,Thomas Delaney,Martin Braithwaite Christensen,Mikkel Damsgaard,Yussuf Yurary Poulsen,Goalkeeper,Right Center Back,Center Back,Left Center Back,Right Wing Back,Left Wing Back,Right Defensive Midfield,Left Defensive Midfield,Right Wing,Left Wing,Center Forward,Goalkeeper,Right Center Back,Center Back,Left Center Back,Right Wing Back,Left Wing Back,Right Defensive Midfield,Left Defensive Midfield,Right Attacking Midfield,Left Attacking Midfield,Center Forward,0.0,2.1500000000000004,2.6,0.0,1.5999999999999999,0.75,1.65,2.4499999999999997,0.5,0.0,0.0,1.5,2.3000000000000003,2.0,0.85,2.15,2.8,2.2,1.4500000000000002,0.0,0.0,0.5,0.0,0.0,0.0,0.0,0.0,0.0,0.0,0.0,0.0,0.0,0.5,0.0,0.0,0.0,0.0,0.0,0.0,0.5,0.0,0.0,0.0,0.0,26.0,56.0,46.5,0.0,27.0,34.0,39.0,41.5,23.0,51.5,28.5,16.0,66.0,38.0,33.5,53.0,75.0,84.0,51.5,36.0,34.0,23.5,4.988300323486328,1.5939159393310547,1.12945556640625,0.0,0.5600589513778687,1.7838354110717773,1.4408164024353027,1.6546045541763306,1.3350439071655273,2.1284470558166504,1.5133497714996338,4.99273681640625,3.723841905593872,3.4210362434387207,3.891429901123047,2.385864734649658,6.557254791259766,6.781369209289551,3.794645309448242,4.930163383483887,7.487333297729492,2.5675225257873535,0.13000000000000003,0.3490000000000001,0.29650000000000004,0.0,0.06449999999999999,-0.131,-0.04099999999999998,0.017000000000000057,-0.19949999999999998,-0.08449999999999988,-0.661,0.31100000000000005,0.26750000000000007,0.10500000000000001,0.09650000000000002,0.23800000000000004,-0.4939999999999999,0.41050000000000014,-0.044499999999999956,-0.8885,-0.2549999999999999,-0.3995,-1
3794685,UEFA Euro_2020,2021-06-26,Gianluigi Donnarumma,Giovanni Di Lorenzo,Leonardo Bonucci,Francesco Acerbi,Leonardo Spinazzola,Jorge Luiz Frello Filho,Nicolò Barella,Marco Verratti,Domenico Berardi,Lorenzo Insigne,Ciro Immobile,Daniel Bachmann,Stefan Lainer,Aleksandar Dragović,Martin Hinteregger,David Olatukunbo Alaba,Xaver Schlager,Florian Grillitsch,Konrad Laimer,Marcel Sabitzer,Christoph Baumgartner,Marko Arnautović,Goalkeeper,Right Back,Right Center Back,Left Center Back,Left Back,Center Defensive Midfield,Right Center Midfield,Left Center Midfield,Right Wing,Left Wing,Center Forward,Goalkeeper,Right Back,Right Center Back,Left Center Back,Left Back,Right Defensive Midfield,Left Defensive Midfield,Right Wing,Center Attacking Midfield,Left Wing,Center Forward,0.0,2.0,1.2666666666666666,0.9,1.95,0.0,0.0,0.0,0.0,0.5,1.0,1.0,2.6,2.0,1.7,3.066666666666667,2.166666666666667,2.4,0.0,0.0,0.3333333333333333,0.5,0.0,0.0,0.0,0.0,0.0,0.0,0.5,1.0,0.5,0.0,0.5,0.0,0.0,0.0,0.0,0.6666666666666666,0.0,0.0,0.0,0.3333333333333333,0.0,0.0,31.333333333333332,42.0,58.333333333333336,46.0,54.5,67.33333333333333,57.5,115.0,36.5,59.0,27.0,32.333333333333336,56.666666666666664,50.333333333333336,59.0,84.66666666666667,40.0,45.5,24.333333333333332,60.666666666666664,20.666666666666668,21.5,6.354675928751628,5.296146392822266,5.633665720621745,3.657815456390381,6.319008827209473,6.248256683349609,4.9124860763549805,14.352919578552246,4.601032733917236,7.902833938598633,3.6951746940612793,2.4887590408325195,1.7109562555948894,1.4397284189860027,1.6817998886108398,2.7554664611816406,1.5010244051615398,1.345259428024292,1.1075536410013835,2.720656712849935,1.0586697260538738,1.9499050378799438,-0.021333333333333343,0.40800000000000014,0.48300000000000004,0.10150000000000003,-0.2619999999999999,0.08433333333333344,-0.24499999999999988,-0.6989999999999996,-0.6025,-0.7109999999999999,-0.9485000000000001,0.013333333333333343,0.03200000000000002,0.21033333333333334,0.256,0.16633333333333336,0.07233333333333336,0.18250000000000005,0.035000000000000024,-0.11333333333333329,-0.297,-0.35650000000000004,1
3788766,UEFA Euro_2020,2021-06-20,Gianluigi Donnarumma,Rafael Tolói,Leonardo Bonucci,Alessandro Bastoni,Emerson Palmieri dos Santos,Jorge Luiz Frello Filho,Matteo Pessina,Marco Verratti,Federico Bernardeschi,Federico Chiesa,Andrea Belotti,Danny Ward,Joe Rodon,Ethan Ampadu,Chris Gunter,Connor Roberts,Neco Williams,Joseff Morrell,Joe Allen,Gareth Frank Bale,Daniel James,Aaron Ramsey,Goalkeeper,Right Back,Right Center Back,Left Center Back,Left Back,Center Defensive Midfield,Right Center Midfield,Left Center Midfield,Right Wing,Left Wing,Center Forward,Goalkeeper,Right Center Back,Center Back,Left Center Back,Right Wing Back,Left Wing Back,Right Defensive Midfield,Left Defensive Midfield,Right Wing,Left Wing,Center Forward,0.0,0.2,1.25,0.0,0.0,0.0,0.0,0.0,0.0,0.0,0.0,0.5,1.45,0.0,0.0,1.05,0.0,2.0,1.2,0.0,0.0,0.5,0.0,0.0,0.0,0.0,0.0,0.0,0.0,0.0,0.0,0.0,0.0,0.0,0.0,0.0,0.0,0.0,0.0,0.5,0.0,1.0,0.0,0.0,36.5,7.0,57.5,0.0,0.0,75.5,3.0,0.0,7.0,4.0,4.0,28.5,28.0,4.0,0.0,35.0,0.0,34.0,30.5,28.0,21.5,40.5,9.532013893127441,3.2099170684814453,8.450498580932617,0.0,0.0,9.372385025024414,3.097736120223999,0.0,4.152019023895264,3.2213284969329834,4.050502300262451,3.7865583896636963,1.7700324058532715,0.4487929046154022,0.0,1.639119267463684,0.0,1.9966239929199219,1.8866583108901978,3.8066012859344482,2.0275986194610596,3.8910529613494873,-0.032000000000000015,0.19900000000000007,0.7245,0.0,0.0,0.12650000000000017,-0.531,0.0,-0.03199999999999998,-0.6545000000000001,-0.661,0.28,0.075,-0.004999999999999982,0.0,0.22150000000000003,0.0,0.07350000000000002,-0.0029999999999999333,-0.06600000000000003,-0.08349999999999994,-0.43000000000000005,1
3794690,UEFA Euro_2020,2021-06-27,Maarten Stekelenburg,Stefan de Vrij,Matthijs de Ligt,Daley Blind,Denzel Dumfries,Patrick van Aanholt,Marten de Roon,Frenkie de Jong,Georginio Wijnaldum,Memphis Depay,Donyell Malen,Tomáš Vaclík,Vladimír Coufal,Ondrej Celustka,Tomáš Kalas,Pavel Kadeřábek,Tomáš Holeš,Lukáš Masopust,Tomáš Souček,Antonín Barák,Petr Ševčík,Patrik Schick,Goalkeeper,Right Center Back,Center Back,Left Center Back,Right Wing Back,Left Wing Back,Right Defensive Midfield,Left Defensive Midfield,Center Attacking Midfield,Right Center Forward,Left Center Forward,Goalkeeper,Right Back,Right Center Back,Left Center Back,Left Back,Center Defensive Midfield,Right Midfield,Right Center Midfield,Left Center Midfield,Left Midfield,Center Forward,0.6666666666666666,2.6333333333333333,2.5,1.6333333333333335,0.7000000000000001,1.0,1.6500000000000001,1.7666666666666666,1.0,0.6666666666666666,0.0,0.6666666666666666,2.8666666666666667,2.4999999999999996,2.966666666666667,0.0,0.0,0.0,0.0,0.0,0.0,1.0,0.0,0.0,0.0,0.0,0.0,0.0,0.0,0.0,0.0,0.3333333333333333,0.6666666666666666,0.0,0.3333333333333333,0.0,0.0,0.0,0.0,0.0,0.0,0.0,0.0,0.0,32.333333333333336,47.666666666666664,55.0,82.0,33.0,44.0,57.5,72.0,36.333333333333336,44.666666666666664,13.666666666666666,30.333333333333332,65.0,41.333333333333336,34.666666666666664,0.0,18.0,23.0,44.0,2.0,11.666666666666666,21.0,2.084752082824707,1.921234925587972,2.606841802597046,4.139698028564453,1.8698047002156575,2.972358067830404,2.6585450172424316,4.768147150675456,3.4101244608561196,4.633242289225261,1.4077272415161133,2.4573373794555664,3.141752243041992,1.4218158721923828,1.8222699165344238,0.0,1.269861062367757,1.2861731847127278,2.7020114262898765,3.716724395751953,1.1759139696757,1.791368802388509,0.138,0.111,-0.11150000000000002,0.4163333333333334,-0.18499999999999997,-0.03399999999999996,0.029000000000000064,0.0036666666666667555,-0.308,-0.3356666666666667,-0.11966666666666666,0.14100000000000001,0.6076666666666667,0.16933333333333334,0.18933333333333335,0.0,0.02933333333333335,-0.17599999999999996,-0.1396666666666667,0.09300000000000007,-0.02166666666666663,-0.4163333333333334,-1
3795221,UEFA Euro_2020,2021-07-07,Jordan Pickford,Kyle Walker,John Stones,Harry Maguire,Luke Shaw,Kalvin Phillips,Declan Rice,Bukayo Saka,Mason Mount,Raheem Sterling,Harry Kane,Kasper Schmeichel,Andreas Christensen,Simon Thorup Kjær,Jannik Vestergaard,Jens Stryger Larsen,Joakim Mæhle,Pierre-Emile Højbjerg,Thomas Delaney,Martin Braithwaite Christensen,Mikkel Damsgaard,Kasper Dolberg,Goalkeeper,Right Back,Right Center Back,Left Center Back,Left Back,Right Defensive Midfield,Left Defensive Midfield,Right Wing,Center Attacking Midfield,Left Wing,Center Forward,Goalkeeper,Right Center Back,Center Back,Left Center Back,Right Wing Back,Left Wing Back,Right Defensive Midfield,Left Defensive Midfield,Right Wing,Left Wing,Center Forward,0.0,1.7,1.7200000000000002,2.066666666666667,1.475,2.08,1.3800000000000001,0.0,0.0,0.6,0.6,1.0,2.1199999999999997,2.58,1.86,1.24,2.44,2.7199999999999998,1.4,0.2,0.25,1.0,0.0,0.0,0.0,0.0,0.75,0.2,0.0,0.0,0.3333333333333333,0.2,0.0,0.0,0.0,0.0,0.0,0.2,0.2,0.6,0.0,0.0,0.25,0.0,34.6,64.25,67.4,69.66666666666667,58.0,43.0,45.4,26.5,41.0,27.4,20.8,24.4,51.0,40.4,43.4,30.8,58.0,66.4,41.6,32.4,26.75,13.0,2.7800073623657227,3.9796881675720215,2.9843931198120117,4.414520263671875,2.7378926277160645,2.376827049255371,2.123785400390625,2.682191848754883,2.7370707194010415,2.478457450866699,2.2525672912597656,1.9970947265625,1.4895367622375488,1.3684144973754884,1.5565719604492188,1.1238848686218261,2.6229019165039062,2.7125476837158202,1.517858123779297,1.9720653533935546,1.871833324432373,1.103667418162028,0.178,0.22750000000000004,0.03180000000000001,0.21033333333333337,0.12000000000000006,-0.04079999999999995,0.03540000000000004,-0.3115,-0.25533333333333325,-0.4142,-0.33419999999999994,0.12440000000000002,0.10700000000000003,0.042,0.03860000000000001,0.08560000000000004,-0.19759999999999994,0.16420000000000007,-0.017799999999999983,-0.3554,-0.06374999999999997,-0.205,1
3788771,UEFA Euro_2020,2021-06-22,Dominik Livaković,Josip Juranović,Dejan Lovren,Domagoj Vida,Joško Gvardiol,Marcelo Brozović,Luka Modrić,Mateo Kovačić,Nikola Vlašić,Ivan Perišić,Bruno Petković,David Marshall,Scott McTominay,Grant Campbell Hanley,Kieran Tierney,Stephen O''Donnell,Andrew Robertson,Callum McGregor,John McGinn,Stuart Armstrong,Lyndon Dykes,Che Adams,Goalkeeper,Right Back,Right Center Back,Left Center Back,Left Back,Center Defensive Midfield,Right Center Midfield,Left Center Midfield,Right Wing,Left Wing,Center Forward,Goalkeeper,Right Center Back,Center Back,Left Center Back,Right Wing Back,Left Wing Back,Center Defensive Midfield,Right Center Midfield,Left Center Midfield,Right Center Forward,Left Center Forward,1.0,0.0,3.9,1.55,1.85,0.0,0.0,0.0,0.0,0.5,0.0,1.0,2.95,3.9000000000000004,2.2,1.3,1.95,0.0,0.0,0.0,0.0,0.0,0.0,0.0,0.0,0.0,0.0,0.0,0.0,0.0,0.0,0.0,0.0,0.0,0.0,0.0,0.0,0.0,0.0,0.0,0.0,0.0,0.0,0.0,34.0,0.0,53.0,38.5,44.0,29.0,66.0,54.5,7.0,29.5,8.0,39.5,43.5,40.0,43.0,41.5,57.0,27.0,28.0,17.5,20.5,19.0,4.783740997314453,0.0,1.932426929473877,1.590118408203125,3.4183387756347656,2.0860676765441895,4.026458263397217,2.7346935272216797,1.9556512832641602,1.5085190534591675,1.1259076595306396,2.2632408142089844,1.8434849977493286,1.314549446105957,2.5098371505737305,1.232740879058838,3.0924148559570312,1.6569724082946777,1.7701501846313477,1.3195137977600098,1.4562554359436035,2.4162027835845947,0.026500000000000006,0.0,0.277,0.10300000000000001,0.22550000000000006,0.09500000000000004,0.2040000000000001,0.09200000000000011,-0.4195,-0.12100000000000001,-0.2085,0.26250000000000007,3.469446951953614e-17,-0.15700000000000003,0.3450000000000001,0.231,0.25950000000000006,-0.08349999999999999,-0.233,-0.026999999999999955,-0.22650000000000003,-0.4700000000000001,1
3788749,UEFA Euro_2020,2021-06-14,Wojciech Szczęsny,Bartosz Bereszyński,Kamil Glik,Jan Bednarek,Kamil Jóźwiak,Maciej Rybus,Grzegorz Krychowiak,Mateusz Andrzej Klich,Karol Linetty,Robert Lewandowski,Piotr Zieliński,Martin Dúbravka,Peter Pekarík,Ľubomír Šatka,Milan Škriniar,Tomáš Hubočan,Juraj Kucka,Jakub Hromada,Lukáš Haraslín,Marek Hamšík,Róbert Mak,Ondrej Duda,Goalkeeper,Right Center Back,Center Back,Left Center Back,Right Wing Back,Left Wing Back,Center Defensive Midfield,Right Center Midfield,Left Center Midfield,Right Center Forward,Left Center Forward,Goalkeeper,Right Back,Right Center Back,Left Center Back,Left Back,Right Defensive Midfield,Left Defensive Midfield,Right Wing,Center Attacking Midfield,Left Wing,Center Forward,0.0,0.0,0.0,0.0,0.0,0.0,0.0,0.0,0.0,0.0,0.0,0.0,0.0,0.0,0.0,0.0,0.0,0.0,0.0,0.0,0.0,0.0,0.0,0.0,0.0,0.0,0.0,0.0,0.0,0.0,0.0,0.0,0.0,0.0,0.0,0.0,0.0,0.0,0.0,0.0,0.0,0.0,0.0,0.0,0.0,0.0,0.0,0.0,0.0,0.0,0.0,0.0,0.0,0.0,0.0,0.0,0.0,0.0,0.0,0.0,0.0,0.0,0.0,0.0,0.0,0.0,0.0,0.0,0.0,0.0,0.0,0.0,0.0,0.0,0.0,0.0,0.0,0.0,0.0,0.0,0.0,0.0,0.0,0.0,0.0,0.0,0.0,0.0,0.0,0.0,0.0,0.0,0.0,0.0,0.0,0.0,0.0,0.0,0.0,0.0,0.0,0.0,0.0,0.0,0.0,0.0,0.0,0.0,0.0,0.0,-1
3788760,UEFA Euro_2020,2021-06-18,Dominik Livaković,Šime Vrsaljko,Dejan Lovren,Domagoj Vida,Joško Gvardiol,Luka Modrić,Mateo Kovačić,Ivan Perišić,Andrej Kramarić,Josip Brekalo,Ante Rebić,Tomáš Vaclík,Vladimír Coufal,Ondrej Celustka,Tomáš Kalas,Jan Bořil,Tomáš Holeš,Tomáš Souček,Lukáš Masopust,Vladimír Darida,Jakub Jankto,Patrik Schick,Goalkeeper,Right Back,Right Center Back,Left Center Back,Left Back,Right Center Midfield,Left Center Midfield,Right Wing,Center Attacking Midfield,Left Wing,Center Forward,Goalkeeper,Right Back,Right Center Back,Left Center Back,Left Back,Right Center Midfield,Left Center Midfield,Right Wing,Center Attacking Midfield,Left Wing,Center Forward,1.0,1.5,0.0,1.0999999999999999,1.0,0.0,0.0,0.0,0.0,0.0,0.0,0.0,3.1,3.1,2.7,3.1,0.0,0.0,0.0,0.0,0.0,2.0,0.0,0.0,0.0,0.0,0.0,0.0,0.0,0.0,0.0,0.0,0.0,0.0,1.0,0.0,0.0,0.0,0.0,0.0,0.0,0.0,0.0,0.0,29.0,63.0,0.0,39.0,37.0,70.0,56.0,23.0,19.0,12.0,14.0,25.0,74.0,28.0,19.0,40.0,7.0,24.0,25.0,43.0,23.0,21.0,9.567481994628906,2.332221269607544,0.0,3.18023681640625,6.836677551269531,8.052916526794434,5.469387054443359,3.017038106918335,3.484344005584717,1.8626325130462646,2.520052671432495,7.372012138366699,9.425256729125977,4.265447616577148,5.4668097496032715,4.848233222961426,3.8095831871032715,8.106034278869629,3.8585195541381836,3.511561870574951,4.176569938659668,5.374106407165527,0.05300000000000001,0.37300000000000005,0.0,0.20600000000000002,0.4510000000000001,0.4080000000000002,0.18400000000000022,-0.24200000000000002,-0.14299999999999996,-0.019999999999999966,-0.20799999999999996,0.42300000000000004,1.8230000000000002,0.508,0.5680000000000001,0.29400000000000015,0.08800000000000005,-0.41900000000000004,-0.5279999999999999,-0.007999999999999799,-0.3799999999999999,-1.249,0
3788774,UEFA Euro_2020,2021-06-23,Manuel Neuer,Matthias Ginter,Mats Hummels,Antonio Rüdiger,Joshua Kimmich,Robin Gosens,İlkay Gündoğan,Toni Kroos,Kai Havertz,Leroy Sané,Serge Gnabry,Péter Gulácsi,Endre Botka,Willi Orban,Attila Szalai,Loïc Négo,Attila Fiola,Ádám Nagy,László Kleinheisler,András Schäfer,Roland Sallai,Ádám Szalai,Goalkeeper,Right Center Back,Center Back,Left Center Back,Right Wing Back,Left Wing Back,Right Defensive Midfield,Left Defensive Midfield,Right Wing,Left Wing,Center Forward,Goalkeeper,Right Center Back,Center Back,Left Center Back,Right Wing Back,Left Wing Back,Center Defensive Midfield,Right Center Midfield,Left Center Midfield,Right Center Forward,Left Center Forward,1.0,1.3,2.2,2.25,1.7,1.5500000000000003,2.05,1.4000000000000001,0.5,0.0,0.0,2.0,0.9000000000000001,2.0500000000000003,1.75,0.8999999999999999,2.5,0.0,0.0,0.0,0.0,0.0,0.0,0.0,0.0,0.0,0.5,0.5,0.0,0.0,0.0,0.0,0.0,0.0,0.0,0.0,0.0,0.0,0.0,0.0,0.0,0.0,0.0,0.0,32.0,62.5,57.0,71.5,69.5,51.0,71.0,100.0,28.0,7.0,28.0,37.0,27.0,33.0,48.5,20.0,34.5,42.0,19.5,23.5,16.5,10.0,4.362600326538086,7.068676471710205,5.385453701019287,4.970190048217773,6.956228256225586,3.2169015407562256,4.723772048950195,7.338081359863281,5.746905326843262,1.021353006362915,2.8078877925872803,3.0605413913726807,0.5522505640983582,1.1160082817077637,0.997900664806366,0.6663360595703125,1.0445353984832764,1.0776934623718262,0.8386050462722778,0.7747111320495605,0.8844775557518005,0.8654084801673889,0.047999999999999994,0.27400000000000013,0.16200000000000003,0.32300000000000006,-0.33749999999999997,-0.57,-0.17799999999999996,0.5045000000000002,-0.6194999999999999,-0.19299999999999998,-0.5265,-0.056499999999999995,0.2165,0.062,0.21450000000000002,0.15150000000000005,0.049500000000000016,0.09850000000000003,0.02450000000000003,-0.06299999999999997,0.11900000000000005,0.043,0
3794692,UEFA Euro_2020,2021-06-29,Robin Olsen,Mikael Lustig,Victor Nilsson Lindelöf,Marcus Andreas Danielsson,Ludwig Augustinsson,Kristoffer Olsson,Albin Ekdal,Sebastian Larsson,Emil Peter Forsberg,Dejan Kulusevski,Alexander Isak,Heorhii Bushchan,Illia Zabarnyi,Serhiy Kryvtsov,Mykola Matviyenko,Oleksandr Karavaev,Oleksandr Zinchenko,Taras Stepanenko,Serhii Sydorchuk,Mykola Shaparenko,Andriy Yarmolenko,Roman Yaremchuk,Goalkeeper,Right Back,Right Center Back,Left Center Back,Left Back,Right Defensive Midfield,Left Defensive Midfield,Right Midfield,Left Midfield,Right Center Forward,Left Center Forward,Goalkeeper,Right Center Back,Center Back,Left Center Back,Right Wing Back,Left Wing Back,Center Defensive Midfield,Right Center Midfield,Left Center Midfield,Right Center Forward,Left Center Forward,0.6666666666666666,2.9,2.6,3.5,1.3333333333333333,1.0333333333333332,1.7999999999999998,0.0,1.0,0.0,0.0,1.6666666666666667,2.4,0.0,2.6,2.0,2.3000000000000003,0.0,0.0,0.0,0.6666666666666666,0.6666666666666666,0.0,0.0,0.0,0.0,0.0,0.0,0.0,0.0,0.0,2.0,0.3333333333333333,0.0,0.0,0.0,0.0,0.3333333333333333,0.0,0.0,0.0,0.0,0.3333333333333333,0.3333333333333333,30.0,34.333333333333336,34.0,24.666666666666668,29.333333333333332,26.0,22.0,32.333333333333336,25.333333333333332,12.0,15.333333333333334,30.333333333333332,48.333333333333336,0.0,54.333333333333336,56.0,47.333333333333336,45.0,29.0,41.333333333333336,32.0,20.666666666666668,2.479710261027018,1.3810774485270183,1.5505307515462239,1.1204359531402588,0.8700992266337076,1.5022660891215007,1.3558128674825032,1.2418381373087566,2.5771303176879883,2.308858871459961,2.2004524866739907,3.310601552327474,2.6721569697062173,0.0,3.2626803716023765,2.6927099227905273,3.976231892903646,3.3919732570648193,2.0048557917277017,2.3519962628682456,2.5208002726236978,1.7797559102376301,0.20233333333333337,0.0666666666666667,0.1366666666666667,0.07033333333333334,-0.044333333333333336,0.02333333333333339,0.009666666666666693,-0.0016666666666666312,-0.08366666666666665,-0.724,-0.29100000000000004,0.06466666666666668,0.16900000000000004,0.0,0.3266666666666667,-0.16299999999999995,-0.15133333333333324,0.09100000000000004,-0.04266666666666664,0.03966666666666674,-0.3986666666666667,-0.4043333333333334,-1
3788744,UEFA Euro_2020,2021-06-12,Danny Ward,Connor Roberts,Chris Mepham,Joe Rodon,Ben Davies,Joe Allen,Gareth Frank Bale,Joseff Morrell,Aaron Ramsey,Daniel James,Kieffer Roberto Francisco Moore,Yann Sommer,Nico Elvedi,Fabian Lukas Schär,Manuel Obafemi Akanji,Kevin Mbabu,Ricardo Iván Rodríguez Araya,Remo Freuler,Granit Xhaka,Xherdan Shaqiri,Haris Seferović,Breel-Donald Embolo,Goalkeeper,Right Back,Right Center Back,Left Center Back,Left Back,Center Defensive Midfield,Right Midfield,Right Center Midfield,Left Center Midfield,Left Midfield,Center Forward,Goalkeeper,Right Center Back,Center Back,Left Center Back,Right Wing Back,Left Wing Back,Right Defensive Midfield,Left Defensive Midfield,Center Attacking Midfield,Right Center Forward,Left Center Forward,0.0,0.0,0.0,0.0,0.0,0.0,0.0,0.0,0.0,0.0,0.0,0.0,0.0,0.0,0.0,0.0,0.0,0.0,0.0,0.0,0.0,0.0,0.0,0.0,0.0,0.0,0.0,0.0,0.0,0.0,0.0,0.0,0.0,0.0,0.0,0.0,0.0,0.0,0.0,0.0,0.0,0.0,0.0,0.0,0.0,0.0,0.0,0.0,0.0,0.0,0.0,0.0,0.0,0.0,0.0,0.0,0.0,0.0,0.0,0.0,0.0,0.0,0.0,0.0,0.0,0.0,0.0,0.0,0.0,0.0,0.0,0.0,0.0,0.0,0.0,0.0,0.0,0.0,0.0,0.0,0.0,0.0,0.0,0.0,0.0,0.0,0.0,0.0,0.0,0.0,0.0,0.0,0.0,0.0,0.0,0.0,0.0,0.0,0.0,0.0,0.0,0.0,0.0,0.0,0.0,0.0,0.0,0.0,0.0,0.0,0
3794687,UEFA Euro_2020,2021-06-27,Thibaut Courtois,Toby Alderweireld,Thomas Vermaelen,Jan Vertonghen,Thomas Meunier,Thorgan Hazard,Youri Tielemans,Axel Witsel,Kevin De Bruyne,Eden Hazard,Romelu Lukaku Menama,Rui Pedro dos Santos Patrício,José Diogo Dalot Teixeira,Kléper Laveran Lima Ferreira,Rúben Santos Gato Alves Dias,Raphaël Adelino José Guerreiro,João Maria Lobo Alves Palhinha Gonçalves,João Filipe Iria Santos Moutinho,Renato Júnior Luz Sanches,Bernardo Mota Veiga de Carvalho e Silva,Diogo José Teixeira da Silva,Cristiano Ronaldo dos Santos Aveiro,Goalkeeper,Right Center Back,Center Back,Left Center Back,Right Wing Back,Left Wing Back,Right Defensive Midfield,Left Defensive Midfield,Right Attacking Midfield,Left Attacking Midfield,Center Forward,Goalkeeper,Right Back,Right Center Back,Left Center Back,Left Back,Center Defensive Midfield,Right Center Midfield,Left Center Midfield,Right Wing,Left Wing,Center Forward,0.3333333333333333,1.9500000000000002,0.9,2.3499999999999996,1.0333333333333334,1.5999999999999999,1.2000000000000002,1.95,0.5,0.0,1.0,1.3333333333333333,0.0,1.9666666666666668,2.466666666666667,1.4666666666666668,0.0,0.0,0.0,0.0,0.3333333333333333,1.6666666666666667,0.0,0.0,0.0,0.0,0.3333333333333333,0.0,0.0,0.0,1.0,0.3333333333333333,0.0,0.0,0.0,0.0,0.0,0.0,0.0,0.0,0.0,0.0,0.3333333333333333,0.3333333333333333,32.333333333333336,92.0,34.333333333333336,86.5,44.333333333333336,80.0,75.5,56.0,60.5,33.666666666666664,16.333333333333332,26.666666666666668,8.0,67.33333333333333,79.33333333333333,63.0,22.0,25.666666666666668,41.666666666666664,30.333333333333332,24.666666666666668,32.333333333333336,2.0930228233337402,4.465408802032471,1.461941401163737,3.6847922801971436,2.2731897036234536,3.971759557723999,3.5759940147399902,2.4449100494384766,4.204747676849365,1.8512690862019856,2.7256714502970376,1.7668393452962239,1.1991863250732422,2.3391596476236978,2.4631590843200684,2.7522926330566406,1.2667460441589355,2.4094673792521157,2.9469194412231445,3.782327969868978,3.1496706008911133,6.50479253133138,0.0029999999999999957,0.45000000000000007,0.06366666666666669,0.3630000000000001,0.09066666666666671,-0.3005,0.0760000000000001,-0.16999999999999996,0.017000000000000057,-0.25599999999999995,-0.4203333333333334,-0.04833333333333333,0.012000000000000052,0.3076666666666667,0.2293333333333334,0.01566666666666675,0.08699999999999998,0.015000000000000032,0.07266666666666673,-0.0863333333333333,-0.324,-0.48600000000000004,1
3788755,UEFA Euro_2020,2021-06-16,Uğurcan Çakır,Mehmet Zeki Çelik,Kaan Ayhan,Caglar Söyüncü,Cengiz Umut Meraş,Okay Yokuşlu,Cengiz Ünder,Ozan Tufan,Hakan Çalhanoğlu,Kenan Karaman,Burak Yılmaz,Danny Ward,Connor Roberts,Chris Mepham,Joe Rodon,Ben Davies,Joe Allen,Daniel James,Joseff Morrell,Aaron Ramsey,Gareth Frank Bale,Kieffer Roberto Francisco Moore,Goalkeeper,Right Back,Right Center Back,Left Center Back,Left Back,Center Defensive Midfield,Right Midfield,Right Center Midfield,Left Center Midfield,Left Midfield,Center Forward,Goalkeeper,Right Back,Right Center Back,Left Center Back,Left Back,Center Defensive Midfield,Right Midfield,Right Center Midfield,Left Center Midfield,Left Midfield,Center Forward,2.0,2.0,0.3,1.1,1.6999999999999997,0.0,0.0,0.0,0.0,0.0,0.0,1.0,0.8999999999999999,1.9,1.5999999999999999,2.5,0.0,0.0,0.0,0.0,0.0,1.0,0.0,0.0,0.0,0.0,0.0,0.0,0.0,0.0,0.0,0.0,0.0,0.0,0.0,0.0,0.0,0.0,0.0,0.0,1.0,0.0,0.0,0.0,45.0,41.0,19.0,50.0,31.0,22.0,11.0,20.0,38.0,21.0,14.0,27.0,32.0,27.0,30.0,42.0,34.0,18.0,31.0,37.0,29.0,17.0,7.176216125488281,4.0333051681518555,3.6818110942840576,4.1901092529296875,1.7282496690750122,2.1772732734680176,4.161012649536133,1.9388394355773926,4.619143486022949,1.5273137092590332,3.2059216499328613,7.573116779327393,3.278238534927368,2.4082581996917725,3.540064811706543,4.103816032409668,3.7733166217803955,4.055197238922119,3.9932479858398438,7.782105922698975,7.6132025718688965,2.7443747520446777,0.33599999999999997,0.27800000000000014,0.14100000000000001,0.4190000000000001,0.058000000000000024,0.03500000000000001,-0.6239999999999999,0.02700000000000002,0.023000000000000104,-0.388,-1.0020000000000002,0.56,0.44300000000000006,0.278,0.15,0.47000000000000003,-0.0059999999999998666,-0.16699999999999987,0.14700000000000005,-0.8600000000000001,-0.13200000000000006,-0.685,-1
3788750,UEFA Euro_2020,2021-06-14,Unai Simón Mendibil,Marcos Llorente Moreno,Aymeric Laporte,Pau Francisco Torres,Jordi Alba Ramos,Rodrigo Hernández Cascante,Jorge Resurrección Merodio,Pedro González López,Ferrán Torres García,Daniel Olmo Carvajal,Álvaro Borja Morata Martín,Robin Olsen,Mikael Lustig,Victor Nilsson Lindelöf,Marcus Andreas Danielsson,Ludwig Augustinsson,Kristoffer Olsson,Albin Ekdal,Sebastian Larsson,Emil Peter Forsberg,Marcus Berg,Alexander Isak,Goalkeeper,Right Back,Right Center Back,Left Center Back,Left Back,Center Defensive Midfield,Right Center Midfield,Left Center Midfield,Right Wing,Left Wing,Center Forward,Goalkeeper,Right Back,Right Center Back,Left Center Back,Left Back,Right Defensive Midfield,Left Defensive Midfield,Right Midfield,Left Midfield,Right Center Forward,Left Center Forward,0.0,0.0,0.0,0.0,0.0,0.0,0.0,0.0,0.0,0.0,0.0,0.0,0.0,0.0,0.0,0.0,0.0,0.0,0.0,0.0,0.0,0.0,0.0,0.0,0.0,0.0,0.0,0.0,0.0,0.0,0.0,0.0,0.0,0.0,0.0,0.0,0.0,0.0,0.0,0.0,0.0,0.0,0.0,0.0,0.0,0.0,0.0,0.0,0.0,0.0,0.0,0.0,0.0,0.0,0.0,0.0,0.0,0.0,0.0,0.0,0.0,0.0,0.0,0.0,0.0,0.0,0.0,0.0,0.0,0.0,0.0,0.0,0.0,0.0,0.0,0.0,0.0,0.0,0.0,0.0,0.0,0.0,0.0,0.0,0.0,0.0,0.0,0.0,0.0,0.0,0.0,0.0,0.0,0.0,0.0,0.0,0.0,0.0,0.0,0.0,0.0,0.0,0.0,0.0,0.0,0.0,0.0,0.0,0.0,0.0,0
3795187,UEFA Euro_2020,2021-07-03,Heorhii Bushchan,Illia Zabarnyi,Serhiy Kryvtsov,Mykola Matviyenko,Oleksandr Karavaev,Vitalii Mykolenko,Serhii Sydorchuk,Mykola Shaparenko,Oleksandr Zinchenko,Andriy Yarmolenko,Roman Yaremchuk,Jordan Pickford,Kyle Walker,John Stones,Harry Maguire,Luke Shaw,Kalvin Phillips,Declan Rice,Jadon Sancho,Mason Mount,Raheem Sterling,Harry Kane,Goalkeeper,Right Center Back,Center Back,Left Center Back,Right Wing Back,Left Wing Back,Center Defensive Midfield,Right Center Midfield,Left Center Midfield,Right Center Forward,Left Center Forward,Goalkeeper,Right Back,Right Center Back,Left Center Back,Left Back,Right Defensive Midfield,Left Defensive Midfield,Right Wing,Center Attacking Midfield,Left Wing,Center Forward,1.5,2.8000000000000003,1.8,2.7,1.725,2.0,0.0,0.0,0.25,0.5,0.5,0.0,1.8666666666666665,1.725,2.2,1.7333333333333334,2.425,1.4,0.0,0.0,0.75,0.25,0.0,0.0,0.0,0.0,0.25,0.0,0.0,0.0,0.25,0.5,0.25,0.0,0.0,0.0,0.0,0.3333333333333333,0.25,0.0,0.0,0.0,0.0,0.0,31.75,62.5,81.0,67.75,60.5,48.333333333333336,36.25,40.25,59.75,32.25,21.25,38.0,57.0,59.75,59.0,57.0,47.25,46.75,3.0,39.5,28.75,21.0,2.4829511642456055,2.004117727279663,3.2143990993499756,2.4470102787017822,2.0195324420928955,1.6872108777364094,1.5036418437957764,1.763997197151184,2.9821739196777344,1.8906002044677734,1.3348169326782227,3.4750092029571533,5.306250890096028,3.7304913997650146,6.6217803955078125,3.6505235036214194,2.971033811569214,2.6547317504882812,5.58651065826416,4.1056060791015625,3.098071813583374,2.815709114074707,0.04850000000000001,0.12675000000000003,0.069,0.24500000000000002,-0.12224999999999996,-0.036333333333333294,-0.03199999999999998,0.029750000000000054,-0.11349999999999993,-0.29900000000000004,-0.30325,0.2225,0.3033333333333334,0.039750000000000014,0.31550000000000006,0.1600000000000001,-0.050999999999999934,0.04425000000000005,-0.16799999999999998,-0.3829999999999999,-0.51775,-0.41774999999999995,-1
3788765,UEFA Euro_2020,2021-06-20,Yann Sommer,Nico Elvedi,Manuel Obafemi Akanji,Ricardo Iván Rodríguez Araya,Silvan Widmer,Steven Zuber,Remo Freuler,Granit Xhaka,Xherdan Shaqiri,Haris Seferović,Breel-Donald Embolo,Uğurcan Çakır,Mehmet Zeki Çelik,Merih Demiral,Caglar Söyüncü,Mert Müldür,Kaan Ayhan,Cengiz Ünder,Ozan Tufan,İrfan Can Kahveci,Hakan Çalhanoğlu,Burak Yılmaz,Goalkeeper,Right Center Back,Center Back,Left Center Back,Right Wing Back,Left Wing Back,Right Defensive Midfield,Left Defensive Midfield,Center Attacking Midfield,Right Center Forward,Left Center Forward,Goalkeeper,Right Back,Right Center Back,Left Center Back,Left Back,Center Defensive Midfield,Right Midfield,Right Center Midfield,Left Center Midfield,Left Midfield,Center Forward,2.0,1.85,2.6,1.85,0.8,0.5,1.4,1.6500000000000001,0.0,0.0,0.5,2.0,2.35,2.75,2.1000000000000005,0.0,0.0,0.0,0.0,0.0,0.0,0.0,0.0,0.0,0.0,0.0,0.0,0.0,0.0,0.0,0.5,0.0,0.0,0.0,0.0,0.0,0.0,0.0,0.0,0.0,0.0,0.0,0.0,0.0,30.0,63.5,70.5,57.5,33.0,11.0,53.5,79.5,31.5,17.0,24.5,38.5,54.0,42.5,58.5,13.0,41.5,22.0,19.5,9.0,53.5,21.0,9.318828582763672,2.322260856628418,3.8083438873291016,3.942007064819336,3.256891965866089,4.298192977905273,2.9409046173095703,3.570255756378174,2.7549939155578613,2.3792977333068848,3.1564040184020996,3.5881080627441406,2.0166525840759277,1.506057858467102,2.0950546264648438,2.776350975036621,1.8409055471420288,2.0805063247680664,0.9694197177886963,0.9697840809822083,2.3095717430114746,1.6029608249664307,0.04800000000000001,0.22200000000000006,0.15200000000000002,0.3095000000000001,-0.013999999999999957,-0.732,0.06950000000000009,0.2695000000000001,-0.005999999999999964,-0.4275,-0.7344999999999999,0.16799999999999998,0.13900000000000007,-0.024,0.20950000000000005,-0.22499999999999998,0.07050000000000001,-0.31199999999999994,0.01350000000000001,0.06150000000000001,0.011500000000000052,-0.5010000000000001,1
3794691,UEFA Euro_2020,2021-06-28,Hugo Lloris,Raphaël Varane,Clément Lenglet,Presnel Kimpembe,Benjamin Pavard,Adrien Rabiot,Paul Pogba,N''Golo Kanté,Antoine Griezmann,Karim Benzema,Kylian Mbappé Lottin,Yann Sommer,Nico Elvedi,Manuel Obafemi Akanji,Ricardo Iván Rodríguez Araya,Silvan Widmer,Steven Zuber,Remo Freuler,Granit Xhaka,Xherdan Shaqiri,Breel-Donald Embolo,Haris Seferović,Goalkeeper,Right Center Back,Center Back,Left Center Back,Right Wing Back,Left Wing Back,Right Defensive Midfield,Left Defensive Midfield,Center Attacking Midfield,Right Center Forward,Left Center Forward,Goalkeeper,Right Center Back,Center Back,Left Center Back,Right Wing Back,Left Wing Back,Right Defensive Midfield,Left Defensive Midfield,Center Attacking Midfield,Right Center Forward,Left Center Forward,1.0,2.2333333333333334,0.0,1.3666666666666665,1.3,1.2666666666666666,1.4666666666666666,1.2333333333333334,0.3333333333333333,0.6666666666666666,0.0,1.6666666666666667,1.5666666666666667,2.2666666666666666,1.8,1.1,0.85,1.5333333333333332,2.1666666666666665,0.6666666666666666,0.3333333333333333,0.3333333333333333,0.0,0.0,0.0,0.0,0.0,0.0,0.3333333333333333,0.0,0.0,0.0,0.0,0.0,0.0,0.0,0.0,0.0,1.5,0.0,0.0,0.3333333333333333,0.0,0.0,25.333333333333332,71.66666666666667,0.0,66.66666666666667,75.5,38.666666666666664,68.66666666666667,60.666666666666664,43.333333333333336,34.666666666666664,25.666666666666668,28.333333333333332,56.666666666666664,61.0,59.333333333333336,39.0,30.0,56.666666666666664,75.33333333333333,32.666666666666664,28.333333333333332,18.333333333333332,3.4082024892171225,2.573777516682943,0.0,2.5307234128316245,2.3050575256347656,1.8716236750284831,3.799987475077311,2.491004149119059,2.950190226236979,2.745509465535482,3.279364267985026,6.212552388509114,1.5481739044189453,2.538895924886068,2.628004709879557,1.6284459829330444,2.1490964889526367,1.9606030782063801,2.3801705042521157,1.8366626103719075,2.1042693456014,1.5861984888712566,0.04666666666666667,0.24533333333333338,0.0,0.12533333333333335,0.059000000000000066,-0.036666666666666604,0.12600000000000008,-0.07299999999999994,-0.1153333333333333,-0.46433333333333326,-0.4673333333333334,0.03200000000000001,0.14800000000000005,0.10133333333333334,0.2063333333333334,-0.0069999999999999785,-0.366,0.04633333333333339,0.17966666666666672,-0.003999999999999976,-0.48966666666666664,-0.285,0
